index,title,target,target_age,tager_sub,date_year,category,link,desc
2,37. 우리집 스마트폰 하루 생활,영아(만 -2세/-4세) 학부모,영아(만 -2세/-4세),학부모,2021,예절 및 가족,https://www.youtube.com/embed/CQIBy1__6Xo,"가족의 일상을 통한 스마튼 사용 현황, 스마트폰 사용 문제점, 집안에서의 바른 사용 실천"
3,27.스마트폰 과의존과 육아,영아(만 -2세/-4세) 학부모,영아(만 -2세/-4세),학부모,2021,전반적인 설명 및 개념 설명,https://www.youtube.com/embed/NWG9gOMRvsE,"영유아기 자녀 스마트폰 사용 최소화 권장, 영유야 발달 설명, 허용 실태 및 사용 현황"
4,30. 올바른 스마트폰 활용팁,영아(만 -2세/-4세) 학부모,영아(만 -2세/-4세),학부모,2021,전반적인 설명 및 개념 설명,https://www.youtube.com/embed/3tJJ_DbHxak,"영유아 자녀 스마트폰 안전하고 바르게, 과의존 예방"
5,66. [슬기로운 부모생활 2021 온라인 릴레이 특강]조현섭 교수_1 스마트폰 과의존 정의 및 현황,영아(만 -2세/-4세) 학부모,영아(만 -2세/-4세),학부모,2021,전반적인 설명 및 개념 설명,https://www.youtube.com/embed/8EeZ_WrmE0E,"스마트폰 과의존 및 현황, 문제"
6,67. [슬기로운 부모생활 2021 온라인 릴레이 특강]조현섭 교수_2 스마트폰 과의존 선별방법,영아(만 -2세/-4세) 학부모,영아(만 -2세/-4세),학부모,2021,전반적인 설명 및 개념 설명,https://www.youtube.com/embed/OGu-3J6nZrA,"스마트폰 과의존 선별 방법, 스마트폰 사용 정도에 대한 설명"
7,68. [슬기로운 부모생활 2021 온라인 릴레이 특강]조현섭 교수_3 스마트폰 과의존자 단계별 증상,영아(만 -2세/-4세) 학부모,영아(만 -2세/-4세),학부모,2021,전반적인 설명 및 개념 설명,https://www.youtube.com/embed/NwTfVkCyAmY,스마트폰 과의존자 단계별 증상
8,69. [슬기로운 부모생활 2021 온라인 릴레이 특강]조현섭 교수_4 스마트폰 과의존 주요 원인,영아(만 -2세/-4세) 학부모,영아(만 -2세/-4세),학부모,2021,전반적인 설명 및 개념 설명,https://www.youtube.com/embed/hxyQiaCj4RA,"스마트폰 과의존 주요 원인, 생물 개인 심리, 개인 문제"
9,70. [슬기로운 부모생활 2021 온라인 릴레이 특강]조현섭 교수_5 스마트폰 과의존의 부작용,영아(만 -2세/-4세) 학부모,영아(만 -2세/-4세),학부모,2021,전반적인 설명 및 개념 설명,https://www.youtube.com/embed/Wi1tvOn6yvE,스마트폰 과의존의 부작용
10,28.디지털 자녀교육법 소개,영아(만 -2세/-4세) 학부모,영아(만 -2세/-4세),학부모,2021,스마트폰 솔루션,https://www.youtube.com/embed/FcFqawWQjXU,"디지털 자녀교육, 바른자세 사용 습관 소개"
11,29.자녀의 스마트폰 과의존 예방법,영아(만 -2세/-4세) 학부모,영아(만 -2세/-4세),학부모,2021,스마트폰 솔루션,https://www.youtube.com/embed/WwNC29uXA5g,"부모의 스마트폰 이용, 아이의 스마트폰 사용 제재, 이용 역량강화"
12,"30.육아고민 해결, Q&A",영아(만 -2세/-4세) 학부모,영아(만 -2세/-4세),학부모,2021,스마트폰 솔루션,https://www.youtube.com/embed/e4KhQI7OxNk,"영유아 자녀 해결, Q&A, 저녀 스마트폰 과의존 예방법, 부모로서의 행동"
13,"71. [슬기로운 부모생활 2021 온라인 릴레이 특강]조현섭 교수_6 슬기로운 디지털 생활, 스마트폰 바르게 사용하기",영아(만 -2세/-4세) 학부모,영아(만 -2세/-4세),학부모,2021,스마트폰 솔루션,https://www.youtube.com/embed/7RpXcdHDtE4,스마트폰 바르게 사용하기
14,72. [슬기로운 부모생활 2021 온라인 릴레이 특강]조현섭 교수_7 자녀의 스마트폰 과의존 해결방안 ‘부모’,영아(만 -2세/-4세) 학부모,영아(만 -2세/-4세),학부모,2021,스마트폰 솔루션,https://www.youtube.com/embed/o3xHcP8zAbg,"부모의 양육, 대처"
15,74. [슬기로운 부모생활 2021 온라인 릴레이 특강]조현섭 교수_9 스마트폰 과의존 예방 국가운영 센터 현황,영아(만 -2세/-4세) 학부모,영아(만 -2세/-4세),학부모,2021,스마트폰 솔루션,https://www.youtube.com/embed/mN4VkIyGggI,스마트폰 과의존 예방 국가운영 센터 현황
16,78.따뜻한 마음으로 단호하게 지도하는 ‘겉바속촉’ 스마트폰 교육법,영아(만 -2세/-4세) 학부모,영아(만 -2세/-4세),학부모,2020,스마트폰 솔루션,https://www.youtube.com/embed/NuYCGUMdFnM,스마트폰 과의존에 대해서 알려주기
17,1. 정우는 스마트폰을 너무 좋아해! -스마트폰 바르게 사용하기,유아(만 3-5세/5-7세),유아 (만 3-5세/5-7세),본인,2022,예절 및 가족,https://www.youtube.com/embed/QuHTfjH9khs,"식탁예절, 건강, 놀이, 운동, 바른자세, 공공자세 예절"
18,5. 손목을 흔들,유아(만 3-5세/5-7세),유아 (만 3-5세/5-7세),본인,2021,건강관련,https://www.youtube.com/embed/0FjYyfiEHb8,"과의존예방 율동, 건강 운동"
19,스마트폰은 우리 몸을 아프게 해요,유아(만 3-5세/5-7세),유아 (만 3-5세/5-7세),본인,2022,건강관련,,건강하지 않은 스마트기기 사용으로 인한 신체건강 문제
20,스마트폰은 우리 마음을 아프게 해요,유아(만 3-5세/5-7세),유아 (만 3-5세/5-7세),본인,2022,건강관련,,건강하지 않은 스마트기기 사용으로 인한 정신건강 문제
21,뼈가 튼튼한 어린이가 될래요!,유아(만 3-5세/5-7세),유아 (만 3-5세/5-7세),본인,2022,건강관련,,건강하지 않은 스마트기기 사용으로 인한 사회 정서 문제
22,친구는 마음을 나누는 거예요,유아(만 3-5세/5-7세),유아 (만 3-5세/5-7세),본인,2022,건강관련,,스마트기기 사용과 교우관계
23,75. 또리또리 또또 우리 집은 재밌는 놀이터,유아(만 3-5세/5-7세),유아 (만 3-5세/5-7세),본인,2020,전반적인 설명 및 개념 설명,https://www.youtube.com/embed/2I7q2i-Aep4,
24,76.애니메이션-삐약삐약 병아리 유치원,유아(만 3-5세/5-7세),유아 (만 3-5세/5-7세),본인,2020,전반적인 설명 및 개념 설명,https://www.youtube.com/embed/6pd2U2uTO8w,스마트폰 사용법 (유아가 보기에는 내용이 너무 어려워)
25,81. 숲 속 마을의 우당탕 스마트폰 대소동,유아(만 3-5세/5-7세),유아 (만 3-5세/5-7세),본인,2018,전반적인 설명 및 개념 설명,https://bit.ly/2Q9ht7n,
26,84. 토토와 약속시계(바른인터넷유아학교 인형극,유아(만 3-5세/5-7세),유아 (만 3-5세/5-7세),본인,2018,전반적인 설명 및 개념 설명,https://ainse.kr/front/archive/archiveDetail.do?searchArchiveId=ARC000000000539,인터넷 세상
27,2. 으악! 손에서 스마트폰이 떨어지지 않아요!,유아(만 3-5세/5-7세),유아 (만 3-5세/5-7세),본인,2021,스마트폰 솔루션,https://www.youtube.com/embed/X2EFTajK-OA,"스마트폰을 건강하게 사용, 대체할 수 있는 재미있는 놀이"
28,3. 퐁퐁과 바른 스마트폰 탐험대,유아(만 3-5세/5-7세),유아 (만 3-5세/5-7세),본인,2021,스마트폰 솔루션,https://www.youtube.com/embed/tE1cLJeMi_s,"스마트폰을 올바르게 사용하는 방법, 스마트폰을 사용할 때의 바른 자세와 체조 방법, 스마트폰을 대체할 수 있는 놀이"
29,4. 스마트폰 건강한 사용 대작전! 퉁퉁이를 물리쳐라,유아(만 3-5세/5-7세),유아 (만 3-5세/5-7세),본인,2021,스마트폰 솔루션,https://www.youtube.com/embed/9KWVPkbR4VE,"가족들과 함께 지키는 사용법, 스마트폰 사용 조절법"
30,37. 우리집 스마트폰 하루 생활,유아(만 3-5세/5-7세) 학부모,유아(만 3-5세/5-7세),학부모,2021,예절 및 가족,https://www.youtube.com/embed/CQIBy1__6Xo,"가족의 일상을 통한 스마튼 사용 현황, 스마트폰 사용 문제점, 집안에서의 바른 사용 실천"
31,53. [슬기로운 부모생활 2021 온라인 릴레이 특강]정윤경 교수_2 스마트 기기는 아동의 감각을 마비 시킨다,유아(만 3-5세/5-7세) 학부모,유아(만 3-5세/5-7세),학부모,2021,건강관련,https://www.youtube.com/embed/ZGBJgdnMzWY,"아이를 어떻게 망치는지,스마트폰은 아동의 감각을 마비시킨다,발달 신체적, 인지적 조절기능"
32,52. [슬기로운 부모생활 2021 온라인 릴레이 특강]정윤경 교수_1 스마트 기기는 아동을 스마트하게 만들지 못한다,유아(만 3-5세/5-7세) 학부모,유아(만 3-5세/5-7세),학부모,2021,건강관련,https://www.youtube.com/embed/qN0e6DE4H3k,"스마트폰이 유아에게 끼치는 영향, 스마트폰에 노출된 아이들의 발달"
33,54. [슬기로운 부모생활 2021 온라인 릴레이 특강]정윤경 교수_3 스마트 기기는 인지적 조절 기능 발달에 악영향을 끼친다,유아(만 3-5세/5-7세) 학부모,유아(만 3-5세/5-7세),학부모,2021,건강관련,https://www.youtube.com/embed/UWI9ZDwWFLk,"스마트폰은 인지적 조절 기능에 악영향을 끼친다, 충동성, 과제수행 수준, 실행기능과제"
34,55. [슬기로운 부모생활 2021 온라인 릴레이 특강]정윤경 교수_4 스마트 기기는 아동의 정서 지능을 떨어뜨린다,유아(만 3-5세/5-7세) 학부모,유아(만 3-5세/5-7세),학부모,2021,건강관련,https://www.youtube.com/embed/bzHWdwxdh8g,아동의 정서기능을 떨어트린다
35,27.스마트폰 과의존과 육아,유아(만 3-5세/5-7세) 학부모,유아(만 3-5세/5-7세),학부모,2021,전반적인 설명 및 개념 설명,https://www.youtube.com/embed/NWG9gOMRvsE,"영유아기 자녀 스마트폰 사용 최소화 권장, 영유야 발달 설명, 허용 실태 및 사용 현황"
36,30 .올바른 스마트폰 활용팁,유아(만 3-5세/5-7세) 학부모,유아(만 3-5세/5-7세),학부모,2023,전반적인 설명 및 개념 설명,,
37,66. [슬기로운 부모생활 2021 온라인 릴레이 특강]조현섭 교수_1 스마트폰 과의존 정의 및 현황,유아(만 3-5세/5-7세) 학부모,유아(만 3-5세/5-7세),학부모,2021,전반적인 설명 및 개념 설명,https://www.youtube.com/embed/8EeZ_WrmE0E,"스마트폰 과의존 및 현황, 문제"
38,67. [슬기로운 부모생활 2021 온라인 릴레이 특강]조현섭 교수_2 스마트폰 과의존 선별방법,유아(만 3-5세/5-7세) 학부모,유아(만 3-5세/5-7세),학부모,2021,전반적인 설명 및 개념 설명,https://www.youtube.com/embed/OGu-3J6nZrA,"스마트폰 과의존 선별 방법, 스마트폰 사용 정도에 대한 설명"
39,56. [슬기로운 부모생활 2021 온라인 릴레이 특강]정윤경 교수_5 스마트 기기는 창의적이고 주도적 지식 적용 능력을 떨어뜨린다,유아(만 3-5세/5-7세) 학부모,유아(만 3-5세/5-7세),학부모,2021,전반적인 설명 및 개념 설명,https://www.youtube.com/embed/3GMzLfoDXN8,"아동의 창의적, 주도적 지식 적용 능력 떨어트려, 문해력, 부모님의 양육 중요성"
40,68. [슬기로운 부모생활 2021 온라인 릴레이 특강]조현섭 교수_3 스마트폰 과의존자 단계별 증상,유아(만 3-5세/5-7세) 학부모,유아(만 3-5세/5-7세),학부모,2021,전반적인 설명 및 개념 설명,https://www.youtube.com/embed/NwTfVkCyAmY,스마트폰 과의존자 단계별 증상
41,69. [슬기로운 부모생활 2021 온라인 릴레이 특강]조현섭 교수_4 스마트폰 과의존 주요 원인,유아(만 3-5세/5-7세) 학부모,유아(만 3-5세/5-7세),학부모,2021,전반적인 설명 및 개념 설명,https://www.youtube.com/embed/hxyQiaCj4RA,"스마트폰 과의존 주요 원인, 생물 개인 심리, 개인 문제"
42,70. [슬기로운 부모생활 2021 온라인 릴레이 특강]조현섭 교수_5 스마트폰 과의존의 부작용,유아(만 3-5세/5-7세) 학부모,유아(만 3-5세/5-7세),학부모,2021,전반적인 설명 및 개념 설명,https://www.youtube.com/embed/Wi1tvOn6yvE,스마트폰 과의존의 부작용
43,"영유아기 스마트기기 사용, 최대한 늦추어 주세요",유아(만 3-5세/5-7세) 학부모,유아(만 3-5세/5-7세),학부모,2022,전반적인 설명 및 개념 설명,,"영유아기의 미디어 노출의 부정적 영상, 발달에 끼치는 영향, 과의존 예방 양육법"
44,자녀의 스마트기기 과의존 진단하기,유아(만 3-5세/5-7세) 학부모,유아(만 3-5세/5-7세),학부모,2022,전반적인 설명 및 개념 설명,,"스마트기기 과의존 원인, 과의존 척도"
45,아이가 스스로 조절할 수 있도록 지도해 주세요,유아(만 3-5세/5-7세) 학부모,유아(만 3-5세/5-7세),학부모,2022,전반적인 설명 및 개념 설명,,"스마트기기 사용시간 조절법, 스마트기기 사용 규칙 만들기"
46,과의존 예방을 위한 가정환경을 만들어 주세요,유아(만 3-5세/5-7세) 학부모,유아(만 3-5세/5-7세),학부모,2022,전반적인 설명 및 개념 설명,,"스마트한 양육환경, 영유아에게 적합한 콘텐츠 선정"
47,상호작용하며 함께 해 주세요,유아(만 3-5세/5-7세) 학부모,유아(만 3-5세/5-7세),학부모,2022,전반적인 설명 및 개념 설명,,"스마트기기 사용할 때 상호작용 방법, 스마트기기 대안 찾기"
48,28.디지털 자녀교육법 소개,유아(만 3-5세/5-7세) 학부모,유아(만 3-5세/5-7세),학부모,2021,스마트폰 솔루션,https://www.youtube.com/embed/FcFqawWQjXU,"디지털 자녀교육, 바른자세 사용 습관 소개"
49,4. 스마트폰 건강한 사용 대작전! 퉁퉁이를 물리쳐라,유아(만 3-5세/5-7세) 학부모,유아(만 3-5세/5-7세),학부모,2021,스마트폰 솔루션,https://www.youtube.com/embed/9KWVPkbR4VE,"가족들과 함께 지키는 사용법, 스마트폰 사용 조절법"
50,29. 자녀의 스마트폰 과의존 예방법,유아(만 3-5세/5-7세) 학부모,유아(만 3-5세/5-7세),학부모,2021,스마트폰 솔루션,https://www.youtube.com/embed/WwNC29uXA5g,"부모의 스마트폰 이용, 아이의 스마트폰 사용 제재, 이용 역량강화"
51,"30.육아고민 해결, Q&A",유아(만 3-5세/5-7세) 학부모,유아(만 3-5세/5-7세),학부모,2021,스마트폰 솔루션,https://www.youtube.com/embed/e4KhQI7OxNk,"영유아 자녀 해결, Q&A, 저녀 스마트폰 과의존 예방법, 부모로서의 행동"
52,57. [슬기로운 부모생활 2021 온라인 릴레이 특강]정윤경 교수_6 아동기 스마트 기기 문제 해결의 키는 ‘부모’다,유아(만 3-5세/5-7세) 학부모,유아(만 3-5세/5-7세),학부모,2021,스마트폰 솔루션,https://www.youtube.com/embed/mZhNWQf54B4,"아동 스마트 기기 문제 해결의 키는 부모다, 디지털 시대에 필요한 자질 알려주기"
53,58. [슬기로운 부모생활 2021 온라인 릴레이 특강]정윤경 교수_7 디지털 시대 양육의 기본 ‘규칙을 정하고 통제하세요,유아(만 3-5세/5-7세) 학부모,유아(만 3-5세/5-7세),학부모,2021,스마트폰 솔루션,https://www.youtube.com/embed/Pwlv2sk-8Pg,"양육의 기본 규칙을 정하고 통제하기, 아동의 전자기기 사용 가이드라인"
54,59. [슬기로운 부모생활 2021 온라인 릴레이 특강]정윤경 교수_8 디지털 시대 양육의 기본 ‘부모가 모범이 되주세요,유아(만 3-5세/5-7세) 학부모,유아(만 3-5세/5-7세),학부모,2021,스마트폰 솔루션,https://www.youtube.com/embed/lskY2JCWTyI,"부모가 모범이 되는 법, 부모의 스마트기기 사용"
55,60. [슬기로운 부모생활 2021 온라인 릴레이 특강]정윤경 교수_9 디지털 시대 양육의 기본 ‘아이와 놀아주세요’,유아(만 3-5세/5-7세) 학부모,유아(만 3-5세/5-7세),학부모,2021,스마트폰 솔루션,https://www.youtube.com/embed/6QdVdNiUGys,양육의 기본 아이와 놀아주세요! 부모와의 놀이와 아동 발달
56,61. [슬기로운 부모생활 2021 온라인 릴레이 특강]정윤경 교수_10 디지털 시대 양육의 기본 ‘끊임없이 대화하세요’,유아(만 3-5세/5-7세) 학부모,유아(만 3-5세/5-7세),학부모,2021,스마트폰 솔루션,https://www.youtube.com/embed/Nlz3VUP-75w,부모와 자녀의 대화 중요성
57,"71. [슬기로운 부모생활 2021 온라인 릴레이 특강]조현섭 교수_6 슬기로운 디지털 생활, 스마트폰 바르게 사용하기",유아(만 3-5세/5-7세) 학부모,유아(만 3-5세/5-7세),학부모,2021,스마트폰 솔루션,https://www.youtube.com/embed/7RpXcdHDtE4,스마트폰 바르게 사용하기
58,72. [슬기로운 부모생활 2021 온라인 릴레이 특강]조현섭 교수_7 자녀의 스마트폰 과의존 해결방안 ‘부모’,유아(만 3-5세/5-7세) 학부모,유아(만 3-5세/5-7세),학부모,2021,스마트폰 솔루션,https://www.youtube.com/embed/o3xHcP8zAbg,"부모의 양육, 대처"
59,74. [슬기로운 부모생활 2021 온라인 릴레이 특강]조현섭 교수_9 스마트폰 과의존 예방 국가운영 센터 현황,유아(만 3-5세/5-7세) 학부모,유아(만 3-5세/5-7세),학부모,2021,스마트폰 솔루션,https://www.youtube.com/embed/mN4VkIyGggI,스마트폰 과의존 예방 국가운영 센터 현황
60,78.따뜻한 마음으로 단호하게 지도하는 ‘겉바속촉’ 스마트폰 교육법,유아(만 3-5세/5-7세) 학부모,유아(만 3-5세/5-7세),학부모,2020,스마트폰 솔루션,https://www.youtube.com/embed/NuYCGUMdFnM,스마트폰 과의존에 대해서 알려주기
61,"영유아기 스마트기기 사용, 최대한 늦추어 주세요",유아(만 3-5세/5-7세) 학부모,유아(만 3-5세/5-7세),학부모,2022,스마트폰 솔루션,,"영유아기의 미디어 노출의 부정적 영상, 발달에 끼치는 영향, 과의존 예방 양육법"
62,자녀의 스마트기기 과의존 진단하기,유아(만 3-5세/5-7세) 학부모,유아(만 3-5세/5-7세),학부모,2022,스마트폰 솔루션,,"스마트기기 과의존 원인, 과의존 척도"
63,아이가 스스로 조절할 수 있도록 지도해 주세요,유아(만 3-5세/5-7세) 학부모,유아(만 3-5세/5-7세),학부모,2022,스마트폰 솔루션,,"스마트기기 사용시간 조절법, 스마트기기 사용 규칙 만들기"
64,과의존 예방을 위한 가정환경을 만들어 주세요,유아(만 3-5세/5-7세) 학부모,유아(만 3-5세/5-7세),학부모,2022,스마트폰 솔루션,,"스마트한 양육환경, 영유아에게 적합한 콘텐츠 선정"
65,상호작용하며 함께 해 주세요,유아(만 3-5세/5-7세) 학부모,유아(만 3-5세/5-7세),학부모,2022,스마트폰 솔루션,,"스마트기기 사용할 때 상호작용 방법, 스마트기기 대안 찾기"
66,37. 우리집 스마트폰 하루 생활,초등학생 1-2학년,초등학생 1-2학년,본인,2021,예절 및 가족,https://www.youtube.com/embed/CQIBy1__6Xo,"가족의 일상을 통한 스마튼 사용 현황, 스마트폰 사용 문제점, 집안에서의 바른 사용 실천"
67,스마트폰! 건강하게 사용해요,초등학생 1-2학년,초등학생 1-2학년,본인,2022,건강관련,,"바른 스마트폰 사용 방법, 과의존으로 인한 위험 인식, 구체적인 해결책 제시"
68,마음이 건강한 스마트폰 사용법!,초등학생 1-2학년,초등학생 1-2학년,본인,2022,건강관련,,"스마트판 게임 사용 방법, 게임 과의존 예방 및 대처법"
69,6. 스마트한 사용자 되기,초등학생 1-2학년,초등학생 1-2학년,본인,2021,게임,https://www.youtube.com/embed/iWcwt7pT3eE,"건강한 게임생활, 게임을 안전하게 하기위해, 게임 즐겁게 하기위해"
70,마음이 건강한 스마트폰 사용법!,초등학생 1-2학년,초등학생 1-2학년,본인,2022,게임,,"스마트판 게임 사용 방법, 게임 과의존 예방 및 대처법"
71,8. 바른 SNS 사용자 되기!,초등학생 1-2학년,초등학생 1-2학년,본인,2021,SNS,https://www.youtube.com/embed/djFdEYuVpN8,SNS 올바르게
72,7. 바르게 만들고 똑똑하게 볼까요?,초등학생 1-2학년,초등학생 1-2학년,본인,2021,유튜브 및 동영상,https://www.youtube.com/embed/bCOqnTVIWJM,"유튜브, 미디어"
73,82. “다음 이야기가 너무 궁금해!”,초등학생 1-2학년,초등학생 1-2학년,본인,2018,유튜브 및 동영상,https://www.iapc.or.kr/mediaView.do?idx=28&article_id=ICCART_0000000112500&type=A1,"웹툰, 모바일 동영상, 초등"
74,83. “정말 재미있어 보여서...”,초등학생 1-2학년,초등학생 1-2학년,본인,2018,유튜브 및 동영상,https://www.iapc.or.kr/mediaView.do?idx=28&article_id=ICCART_0000000112500&type=A1,"웹툰, 모바일 동영상, 초등"
75,37. 우리집 스마트폰 하루 생활,초등학생 1-2학년 학부모,초등학생1-2학년,학부모,2021,예절 및 가족,https://www.youtube.com/embed/CQIBy1__6Xo,"가족의 일상을 통한 스마튼 사용 현황, 스마트폰 사용 문제점, 집안에서의 바른 사용 실천"
76,62. [슬기로운 부모생활 2021 온라인 릴레이 특강]이장주 소장_1 지혜로운 부모를 위한 사전점검,초등학생 1-2학년 학부모,초등학생1-2학년,학부모,2021,전반적인 설명 및 개념 설명,https://www.youtube.com/embed/N4V3GlRb-bE,"변화하는 시대에 필요한 부모의 지혜/ 스마트폰으로 인한 부모와 자녀의 갈등, 스마트폰이 없다면 갈등이 사라질까? 스마트폰을 적당히 사용하는 것이란? 스마트폰을 놓게하는 방법"
77,66. [슬기로운 부모생활 2021 온라인 릴레이 특강]조현섭 교수_1 스마트폰 과의존 정의 및 현황,초등학생 1-2학년 학부모,초등학생1-2학년,학부모,2021,전반적인 설명 및 개념 설명,https://www.youtube.com/embed/8EeZ_WrmE0E,"스마트폰 과의존 및 현황, 문제"
78,67. [슬기로운 부모생활 2021 온라인 릴레이 특강]조현섭 교수_2 스마트폰 과의존 선별방법,초등학생 1-2학년 학부모,초등학생1-2학년,학부모,2021,전반적인 설명 및 개념 설명,https://www.youtube.com/embed/OGu-3J6nZrA,"스마트폰 과의존 선별 방법, 스마트폰 사용 정도에 대한 설명"
79,68. [슬기로운 부모생활 2021 온라인 릴레이 특강]조현섭 교수_3 스마트폰 과의존자 단계별 증상,초등학생 1-2학년 학부모,초등학생1-2학년,학부모,2021,전반적인 설명 및 개념 설명,https://www.youtube.com/embed/NwTfVkCyAmY,스마트폰 과의존자 단계별 증상
80,69. [슬기로운 부모생활 2021 온라인 릴레이 특강]조현섭 교수_4 스마트폰 과의존 주요 원인,초등학생 1-2학년 학부모,초등학생1-2학년,학부모,2021,전반적인 설명 및 개념 설명,https://www.youtube.com/embed/hxyQiaCj4RA,"스마트폰 과의존 주요 원인, 생물 개인 심리, 개인 문제"
81,70. [슬기로운 부모생활 2021 온라인 릴레이 특강]조현섭 교수_5 스마트폰 과의존의 부작용,초등학생 1-2학년 학부모,초등학생1-2학년,학부모,2021,전반적인 설명 및 개념 설명,https://www.youtube.com/embed/Wi1tvOn6yvE,스마트폰 과의존의 부작용
82,59. [슬기로운 부모생활 2021 온라인 릴레이 특강]정윤경 교수_8 디지털 시대 양육의 기본 ‘부모가 모범이 되주세요,초등학생 1-2학년 학부모,초등학생1-2학년,학부모,2021,스마트폰 솔루션,https://www.youtube.com/embed/lskY2JCWTyI,"부모가 모범이 되는 법, 부모의 스마트기기 사용"
83,61. [슬기로운 부모생활 2021 온라인 릴레이 특강]정윤경 교수_10 디지털 시대 양육의 기본 ‘끊임없이 대화하세요’,초등학생 1-2학년 학부모,초등학생1-2학년,학부모,2021,스마트폰 솔루션,https://www.youtube.com/embed/Nlz3VUP-75w,부모와 자녀의 대화 중요성
84,"71. [슬기로운 부모생활 2021 온라인 릴레이 특강]조현섭 교수_6 슬기로운 디지털 생활, 스마트폰 바르게 사용하기",초등학생 1-2학년 학부모,초등학생1-2학년,학부모,2021,스마트폰 솔루션,https://www.youtube.com/embed/7RpXcdHDtE4,스마트폰 바르게 사용하기
85,72. [슬기로운 부모생활 2021 온라인 릴레이 특강]조현섭 교수_7 자녀의 스마트폰 과의존 해결방안 ‘부모’,초등학생 1-2학년 학부모,초등학생1-2학년,학부모,2021,스마트폰 솔루션,https://www.youtube.com/embed/o3xHcP8zAbg,"부모의 양육, 대처"
86,74. [슬기로운 부모생활 2021 온라인 릴레이 특강]조현섭 교수_9 스마트폰 과의존 예방 국가운영 센터 현황,초등학생 1-2학년 학부모,초등학생1-2학년,학부모,2021,스마트폰 솔루션,https://www.youtube.com/embed/mN4VkIyGggI,스마트폰 과의존 예방 국가운영 센터 현황
87,78.따뜻한 마음으로 단호하게 지도하는 ‘겉바속촉’ 스마트폰 교육법,초등학생 1-2학년 학부모,초등학생1-2학년,학부모,2020,스마트폰 솔루션,https://www.youtube.com/embed/NuYCGUMdFnM,스마트폰 과의존에 대해서 알려주기
88,65. [슬기로운 부모생활 2021 온라인 릴레이 특강]이장주 소장_4 게임으로 내 아이와 소통하기,초등학생 1-2학년 학부모,초등학생1-2학년,학부모,2021,게임,https://www.youtube.com/embed/WQcPNCh3rrg,게임으로 내 아이와 소통하기
89,64. [슬기로운 부모생활 2021 온라인 릴레이 특강]이장주 소장_3 게임을 하는 아이들의 심리,초등학생 1-2학년 학부모,초등학생1-2학년,학부모,2021,게임,https://www.youtube.com/embed/cLVohfqUemI,게임을 하는 아이들의 심리
90,63. [슬기로운 부모생활 2021 온라인 릴레이 특강]이장주 소장_2 게임이 스펙이 되는 세상,초등학생 1-2학년 학부모,초등학생1-2학년,학부모,2021,게임,https://www.youtube.com/embed/hLntZSb3r6g,"게임이 스펙이 되는 세상, 시대의 변화"
91,37. 우리집 스마트폰 하루 생활,초등학생 3-4학년,초등학생 3-4학년,본인,2021,예절 및 가족,https://www.youtube.com/embed/CQIBy1__6Xo,"가족의 일상을 통한 스마튼 사용 현황, 스마트폰 사용 문제점, 집안에서의 바른 사용 실천"
92,6. 스마트한 사용자 되기,초등학생 3-4학년,초등학생 3-4학년,본인,2021,게임,https://www.youtube.com/embed/iWcwt7pT3eE,"건강한 게임생활, 게임을 안전하게 하기위해, 게임 즐겁게 하기위해"
93,9. 슬기로운 굿(Good) 게이머! 오늘부터 시작!,초등학생 3-4학년,초등학생 3-4학년,본인,2021,게임,https://www.youtube.com/embed/tytzVC-tc-w,게임
94,8. 바른 SNS 사용자 되기!,초등학생 3-4학년,초등학생 3-4학년,본인,2021,SNS,https://www.youtube.com/embed/djFdEYuVpN8,SNS 올바르게
95,11. 슬기로운 SNS 활용생활,초등학생 3-4학년,초등학생 3-4학년,본인,2021,SNS,https://www.youtube.com/embed/HEwP47CxLVE,SNS
96,7. 바르게 만들고 똑똑하게 볼까요?,초등학생 3-4학년,초등학생 3-4학년,본인,2021,유튜브 및 동영상,https://www.youtube.com/embed/bCOqnTVIWJM,"유튜브, 미디어"
97,10. 슬기로운 굿(Good)튜브 생활,초등학생 3-4학년,초등학생 3-4학년,본인,2021,유튜브 및 동영상,https://www.youtube.com/embed/vi5czZsxzck,유튜브
98,82. “다음 이야기가 너무 궁금해!”,초등학생 3-4학년,초등학생 3-4학년,본인,2018,유튜브 및 동영상,https://www.iapc.or.kr/mediaView.do?idx=28&article_id=ICCART_0000000112500&type=A1,"웹툰, 모바일 동영상, 초등"
99,83. “정말 재미있어 보여서...”,초등학생 3-4학년,초등학생 3-4학년,본인,2018,유튜브 및 동영상,https://www.iapc.or.kr/mediaView.do?idx=28&article_id=ICCART_0000000112500&type=A1,"웹툰, 모바일 동영상, 초등"
100,37. 우리집 스마트폰 하루 생활,초등학생 3-4학년 학부모,초등학생 3-4학년,학부모,2021,예절 및 가족,https://www.youtube.com/embed/CQIBy1__6Xo,"가족의 일상을 통한 스마튼 사용 현황, 스마트폰 사용 문제점, 집안에서의 바른 사용 실천"
101,62. [슬기로운 부모생활 2021 온라인 릴레이 특강]이장주 소장_1 지혜로운 부모를 위한 사전점검,초등학생 3-4학년 학부모,초등학생 3-4학년,학부모,2021,전반적인 설명 및 개념 설명,https://www.youtube.com/embed/N4V3GlRb-bE,"변화하는 시대에 필요한 부모의 지혜/ 스마트폰으로 인한 부모와 자녀의 갈등, 스마트폰이 없다면 갈등이 사라질까? 스마트폰을 적당히 사용하는 것이란? 스마트폰을 놓게하는 방법"
102,66. [슬기로운 부모생활 2021 온라인 릴레이 특강]조현섭 교수_1 스마트폰 과의존 정의 및 현황,초등학생 3-4학년 학부모,초등학생 3-4학년,학부모,2021,전반적인 설명 및 개념 설명,https://www.youtube.com/embed/8EeZ_WrmE0E,"스마트폰 과의존 및 현황, 문제"
103,67. [슬기로운 부모생활 2021 온라인 릴레이 특강]조현섭 교수_2 스마트폰 과의존 선별방법,초등학생 3-4학년 학부모,초등학생 3-4학년,학부모,2021,전반적인 설명 및 개념 설명,https://www.youtube.com/embed/OGu-3J6nZrA,"스마트폰 과의존 선별 방법, 스마트폰 사용 정도에 대한 설명"
104,68. [슬기로운 부모생활 2021 온라인 릴레이 특강]조현섭 교수_3 스마트폰 과의존자 단계별 증상,초등학생 3-4학년 학부모,초등학생 3-4학년,학부모,2021,전반적인 설명 및 개념 설명,https://www.youtube.com/embed/NwTfVkCyAmY,스마트폰 과의존자 단계별 증상
105,69. [슬기로운 부모생활 2021 온라인 릴레이 특강]조현섭 교수_4 스마트폰 과의존 주요 원인,초등학생 3-4학년 학부모,초등학생 3-4학년,학부모,2021,전반적인 설명 및 개념 설명,https://www.youtube.com/embed/hxyQiaCj4RA,"스마트폰 과의존 주요 원인, 생물 개인 심리, 개인 문제"
106,70. [슬기로운 부모생활 2021 온라인 릴레이 특강]조현섭 교수_5 스마트폰 과의존의 부작용,초등학생 3-4학년 학부모,초등학생 3-4학년,학부모,2021,전반적인 설명 및 개념 설명,https://www.youtube.com/embed/Wi1tvOn6yvE,스마트폰 과의존의 부작용
107,59. [슬기로운 부모생활 2021 온라인 릴레이 특강]정윤경 교수_8 디지털 시대 양육의 기본 ‘부모가 모범이 되주세요,초등학생 3-4학년 학부모,초등학생 3-4학년,학부모,2021,스마트폰 솔루션,https://www.youtube.com/embed/lskY2JCWTyI,"부모가 모범이 되는 법, 부모의 스마트기기 사용"
108,61. [슬기로운 부모생활 2021 온라인 릴레이 특강]정윤경 교수_10 디지털 시대 양육의 기본 ‘끊임없이 대화하세요’,초등학생 3-4학년 학부모,초등학생 3-4학년,학부모,2021,스마트폰 솔루션,https://www.youtube.com/embed/Nlz3VUP-75w,부모와 자녀의 대화 중요성
109,"71. [슬기로운 부모생활 2021 온라인 릴레이 특강]조현섭 교수_6 슬기로운 디지털 생활, 스마트폰 바르게 사용하기",초등학생 3-4학년 학부모,초등학생 3-4학년,학부모,2021,스마트폰 솔루션,https://www.youtube.com/embed/7RpXcdHDtE4,스마트폰 바르게 사용하기
110,72. [슬기로운 부모생활 2021 온라인 릴레이 특강]조현섭 교수_7 자녀의 스마트폰 과의존 해결방안 ‘부모’,초등학생 3-4학년 학부모,초등학생 3-4학년,학부모,2021,스마트폰 솔루션,https://www.youtube.com/embed/o3xHcP8zAbg,"부모의 양육, 대처"
111,74. [슬기로운 부모생활 2021 온라인 릴레이 특강]조현섭 교수_9 스마트폰 과의존 예방 국가운영 센터 현황,초등학생 3-4학년 학부모,초등학생 3-4학년,학부모,2021,스마트폰 솔루션,https://www.youtube.com/embed/mN4VkIyGggI,스마트폰 과의존 예방 국가운영 센터 현황
112,78.따뜻한 마음으로 단호하게 지도하는 ‘겉바속촉’ 스마트폰 교육법,초등학생 3-4학년 학부모,초등학생 3-4학년,학부모,2020,스마트폰 솔루션,https://www.youtube.com/embed/NuYCGUMdFnM,스마트폰 과의존에 대해서 알려주기
113,65. [슬기로운 부모생활 2021 온라인 릴레이 특강]이장주 소장_4 게임으로 내 아이와 소통하기,초등학생 3-4학년 학부모,초등학생 3-4학년,학부모,2021,게임,https://www.youtube.com/embed/WQcPNCh3rrg,게임으로 내 아이와 소통하기
114,64. [슬기로운 부모생활 2021 온라인 릴레이 특강]이장주 소장_3 게임을 하는 아이들의 심리,초등학생 3-4학년 학부모,초등학생 3-4학년,학부모,2021,게임,https://www.youtube.com/embed/cLVohfqUemI,게임을 하는 아이들의 심리
115,63. [슬기로운 부모생활 2021 온라인 릴레이 특강]이장주 소장_2 게임이 스펙이 되는 세상,초등학생 3-4학년 학부모,초등학생 3-4학년,학부모,2021,게임,https://www.youtube.com/embed/hLntZSb3r6g,"게임이 스펙이 되는 세상, 시대의 변화"
116,37. 우리집 스마트폰 하루 생활,초등학생 5-6학년,초등학생 5-6학년,본인,2021,예절 및 가족,https://www.youtube.com/embed/CQIBy1__6Xo,"가족의 일상을 통한 스마튼 사용 현황, 스마트폰 사용 문제점, 집안에서의 바른 사용 실천"
117,79. 한 뼘 더 성장하는 '스마트 성장 비타민',초등학생 5-6학년,초등학생 5-6학년,본인,2019,스마트폰 솔루션,https://www.youtube.com/embed/NGaXTpY4dwM,스마트폰 사용법 스마트하게 즐기기
118,나의 짝꿍 1화 – 내 단짝은 누구?,초등학생 5-6학년,초등학생 5-6학년,본인,2022,스마트폰 솔루션,,"스마트한 SNS 사용 방법, SNS의 장단점"
119,나의 짝꿍 2화 – 우린 스마트폰 고학년!,초등학생 5-6학년,초등학생 5-6학년,본인,2022,스마트폰 솔루션,,"개인정보의 중요성, 개인정보 보호 및 관리 방법"
120,6. 스마트한 사용자 되기,초등학생 5-6학년,초등학생 5-6학년,본인,2021,게임,https://www.youtube.com/embed/iWcwt7pT3eE,"건강한 게임생활, 게임을 안전하게 하기위해, 게임 즐겁게 하기위해"
121,9.슬기로운 굿(Good) 게이머! 오늘부터 시작!,초등학생 5-6학년,초등학생 5-6학년,본인,2023,게임,,
122,8. 바른 SNS 사용자 되기!,초등학생 5-6학년,초등학생 5-6학년,본인,2021,SNS,https://www.youtube.com/embed/djFdEYuVpN8,SNS 올바르게
123,11. 슬기로운 SNS 활용생활,초등학생 5-6학년,초등학생 5-6학년,본인,2021,SNS,https://www.youtube.com/embed/HEwP47CxLVE,SNS
124,10.슬기로운 굿(Good)튜브 생활,초등학생 5-6학년,초등학생 5-6학년,본인,2021,유튜브 및 동영상,https://www.youtube.com/embed/vi5czZsxzck,유튜브
125,82. “다음 이야기가 너무 궁금해!”,초등학생 5-6학년,초등학생 5-6학년,본인,2018,유튜브 및 동영상,https://www.iapc.or.kr/mediaView.do?idx=28&article_id=ICCART_0000000112500&type=A1,"웹툰, 모바일 동영상, 초등"
126,83. “정말 재미있어 보여서...”,초등학생 5-6학년,초등학생 5-6학년,본인,2018,유튜브 및 동영상,https://www.iapc.or.kr/mediaView.do?idx=28&article_id=ICCART_0000000112500&type=A1,"웹툰, 모바일 동영상, 초등"
127,37. 우리집 스마트폰 하루 생활,초등학생 5-6학년 학부모,초등학생 5-6학년,학부모,2021,예절 및 가족,https://www.youtube.com/embed/CQIBy1__6Xo,"가족의 일상을 통한 스마튼 사용 현황, 스마트폰 사용 문제점, 집안에서의 바른 사용 실천"
128,62. [슬기로운 부모생활 2021 온라인 릴레이 특강]이장주 소장_1 지혜로운 부모를 위한 사전점검,초등학생 5-6학년 학부모,초등학생 5-6학년,학부모,2021,전반적인 설명 및 개념 설명,https://www.youtube.com/embed/N4V3GlRb-bE,"변화하는 시대에 필요한 부모의 지혜/ 스마트폰으로 인한 부모와 자녀의 갈등, 스마트폰이 없다면 갈등이 사라질까? 스마트폰을 적당히 사용하는 것이란? 스마트폰을 놓게하는 방법"
129,66. [슬기로운 부모생활 2021 온라인 릴레이 특강]조현섭 교수_1 스마트폰 과의존 정의 및 현황,초등학생 5-6학년 학부모,초등학생 5-6학년,학부모,2021,전반적인 설명 및 개념 설명,https://www.youtube.com/embed/8EeZ_WrmE0E,"스마트폰 과의존 및 현황, 문제"
130,67. [슬기로운 부모생활 2021 온라인 릴레이 특강]조현섭 교수_2 스마트폰 과의존 선별방법,초등학생 5-6학년 학부모,초등학생 5-6학년,학부모,2021,전반적인 설명 및 개념 설명,https://www.youtube.com/embed/OGu-3J6nZrA,"스마트폰 과의존 선별 방법, 스마트폰 사용 정도에 대한 설명"
131,68. [슬기로운 부모생활 2021 온라인 릴레이 특강]조현섭 교수_3 스마트폰 과의존자 단계별 증상,초등학생 5-6학년 학부모,초등학생 5-6학년,학부모,2021,전반적인 설명 및 개념 설명,https://www.youtube.com/embed/NwTfVkCyAmY,스마트폰 과의존자 단계별 증상
132,69. [슬기로운 부모생활 2021 온라인 릴레이 특강]조현섭 교수_4 스마트폰 과의존 주요 원인,초등학생 5-6학년 학부모,초등학생 5-6학년,학부모,2021,전반적인 설명 및 개념 설명,https://www.youtube.com/embed/hxyQiaCj4RA,"스마트폰 과의존 주요 원인, 생물 개인 심리, 개인 문제"
133,70. [슬기로운 부모생활 2021 온라인 릴레이 특강]조현섭 교수_5 스마트폰 과의존의 부작용,초등학생 5-6학년 학부모,초등학생 5-6학년,학부모,2021,전반적인 설명 및 개념 설명,https://www.youtube.com/embed/Wi1tvOn6yvE,스마트폰 과의존의 부작용
134,59. [슬기로운 부모생활 2021 온라인 릴레이 특강]정윤경 교수_8 디지털 시대 양육의 기본 ‘부모가 모범이 되주세요,초등학생 5-6학년 학부모,초등학생 5-6학년,학부모,2021,스마트폰 솔루션,https://www.youtube.com/embed/lskY2JCWTyI,"부모가 모범이 되는 법, 부모의 스마트기기 사용"
135,61. [슬기로운 부모생활 2021 온라인 릴레이 특강]정윤경 교수_10 디지털 시대 양육의 기본 ‘끊임없이 대화하세요’,초등학생 5-6학년 학부모,초등학생 5-6학년,학부모,2021,스마트폰 솔루션,https://www.youtube.com/embed/Nlz3VUP-75w,부모와 자녀의 대화 중요성
136,"71. [슬기로운 부모생활 2021 온라인 릴레이 특강]조현섭 교수_6 슬기로운 디지털 생활, 스마트폰 바르게 사용하기",초등학생 5-6학년 학부모,초등학생 5-6학년,학부모,2021,스마트폰 솔루션,https://www.youtube.com/embed/7RpXcdHDtE4,스마트폰 바르게 사용하기
137,72. [슬기로운 부모생활 2021 온라인 릴레이 특강]조현섭 교수_7 자녀의 스마트폰 과의존 해결방안 ‘부모’,초등학생 5-6학년 학부모,초등학생 5-6학년,학부모,2021,스마트폰 솔루션,https://www.youtube.com/embed/o3xHcP8zAbg,"부모의 양육, 대처"
138,74. [슬기로운 부모생활 2021 온라인 릴레이 특강]조현섭 교수_9 스마트폰 과의존 예방 국가운영 센터 현황,초등학생 5-6학년 학부모,초등학생 5-6학년,학부모,2021,스마트폰 솔루션,https://www.youtube.com/embed/mN4VkIyGggI,스마트폰 과의존 예방 국가운영 센터 현황
139,78.따뜻한 마음으로 단호하게 지도하는 ‘겉바속촉’ 스마트폰 교육법,초등학생 5-6학년 학부모,초등학생 5-6학년,학부모,2020,스마트폰 솔루션,https://www.youtube.com/embed/NuYCGUMdFnM,스마트폰 과의존에 대해서 알려주기
140,65. [슬기로운 부모생활 2021 온라인 릴레이 특강]이장주 소장_4 게임으로 내 아이와 소통하기,초등학생 5-6학년 학부모,초등학생 5-6학년,학부모,2021,게임,https://www.youtube.com/embed/WQcPNCh3rrg,게임으로 내 아이와 소통하기
141,64. [슬기로운 부모생활 2021 온라인 릴레이 특강]이장주 소장_3 게임을 하는 아이들의 심리,초등학생 5-6학년 학부모,초등학생 5-6학년,학부모,2021,게임,https://www.youtube.com/embed/cLVohfqUemI,게임을 하는 아이들의 심리
142,63. [슬기로운 부모생활 2021 온라인 릴레이 특강]이장주 소장_2 게임이 스펙이 되는 세상,초등학생 5-6학년 학부모,초등학생 5-6학년,학부모,2021,게임,https://www.youtube.com/embed/hLntZSb3r6g,"게임이 스펙이 되는 세상, 시대의 변화"
143,37. 우리집 스마트폰 하루 생활,중학생,중학생,본인,2021,예절 및 가족,https://www.youtube.com/embed/CQIBy1__6Xo,"가족의 일상을 통한 스마튼 사용 현황, 스마트폰 사용 문제점, 집안에서의 바른 사용 실천"
144,44. 우리 가족 안녕하십니까?,중학생,중학생,본인,2021,예절 및 가족,https://www.youtube.com/embed/xJq2uAwXS9c,가족들과 시간을 보내는 방법
145,"48. 알림, 가끔은 쉼을 위해 잠시 꺼두는 건 어떨까요?",중학생,중학생,본인,2021,예절 및 가족,https://www.youtube.com/embed/TCxVIiSqYfc,"스마트폰 알림, 생활불편, 대화를 이어가지 못함, 불필요할 때는 알람을 끄기 스마트폰을 계속 보는 습관 줄이기"
146,"13.스마트폰 바른 사용 습관 형성, 어렵지 않아요!",중학생,중학생,본인,2021,건강관련,https://www.youtube.com/embed/TYlXsvHNLds,"건강, 생활"
147,40. 스마트폰으로 할 수 있는 것들,중학생,중학생,본인,2021,건강관련,https://www.youtube.com/embed/rBtYJ8lw72w,"스마트폰 사용시간 어떻게 보내는지, 밤샌적"
148,50. 학교나 집에서 가볍게 할 수 있는 3분 스트레칭,중학생,중학생,본인,2021,건강관련,https://www.youtube.com/embed/VNk9qMsLfv0,몸 스트레칭
149,51. 스마트폰에 지친 우리 몸을 깨우는 스트레칭,중학생,중학생,본인,2021,건강관련,https://www.youtube.com/embed/Zf-tBfWLDJQ,몸 스트레칭
150,스마트 비밀 요원 1화 – 스마트 비밀 요원의 좀비 소탕 대작전!,중학생,중학생,본인,2022,건강관련,,"스마트폰 과의존으로 인한 마음과 뇌의 폐해, 범죄로 이어질 수 있는 스마트폰 과의존의 위험성 알기"
151,스마트 비밀 요원 2화 – 마음에도?! 백신 프로그램 설치 대작전!,중학생,중학생,본인,2022,건강관련,,"스마트폰 과의존으로 인한 마음과 뇌의 폐해, 범죄로 이어질 수 있는 스마트폰 과의존의 위험성 알기, 상담센터 안내"
152,39.조금씩 내 일상에 들어온 스마트폰,중학생,중학생,본인,2021,전반적인 설명 및 개념 설명,https://www.youtube.com/embed/NGnuzWS_6cI,"스마트폰 가진 것에 대한 부러움, 스마트폰을 어떻게 사용하고 생각하는지"
153,"12. 스마트폰, 어떻게 사용하고 있나요?",중학생,중학생,본인,2021,스마트폰 솔루션,https://www.youtube.com/embed/SAgs7c24bBE,사례
154,41.스마트폰 없이 심심하지 않아?(1),중학생,중학생,본인,2021,스마트폰 솔루션,https://www.youtube.com/embed/r7u7tf4ZgSE,"스마트폰 없는 여가시간, 스마트폰 조절 솔루션"
155,43. 스마트폰 없이 살아보기 vs 들고 살아보기,중학생,중학생,본인,2021,스마트폰 솔루션,https://www.youtube.com/embed/zlQdOHwFKJY,
156,46. 스마트폰만 있으면 하루가 즐겁다고? 글쎄,중학생,중학생,본인,2021,스마트폰 솔루션,https://www.youtube.com/embed/0GG4NoXb6Vs,스마트폰을 자유롭게 사용하게 두는 부모님 vs 잔소리 하는 부모님/ 스마트폰 자기관리에 도움이 되는 스마트한 도구로 활용
157,"47. 스마트폰만 보고 있는 우리 하루, 괜찮으신가요?",중학생,중학생,본인,2021,스마트폰 솔루션,https://www.youtube.com/embed/RW-gxoTrU-I,"스무살 성인과 청소년의 스마트폰 사용, 불필요한 스마트폰 사용은 그만!"
158,49. 스마트폰을 대하는 우리의 달라진 자세,중학생,중학생,본인,2021,스마트폰 솔루션,https://www.youtube.com/embed/Vmd-Wjh3mNw,"스마트폰 사용 비중이 크다는 것을 깨달은 청소년 들, 일상생활을 지켜주는 스마트폰 사용법"
159,42. 스마트폰 없이 심심하지 않아?(2),중학생,중학생,본인,2021,스마트폰 솔루션,https://www.youtube.com/embed/JqwJmlTj_BE,스마트폰 없이 심심하지 않게 보내는 방법
160,[73. 부모생활 2021 온라인 릴레이 특강]조현섭 교수_8 청소년 스스로 스마트폰 과의존 대처방안,중학생,중학생,본인,2023,스마트폰 솔루션,,
161,79. 한 뼘 더 성장하는 '스마트 성장 비타민',중학생,중학생,본인,2019,스마트폰 솔루션,https://www.youtube.com/embed/NGaXTpY4dwM,스마트폰 사용법 스마트하게 즐기기
162,"14.슬기로운 스마트폰 생활, 오늘부터 시작!",중학생,중학생,본인,2021,스마트폰 솔루션,https://www.youtube.com/embed/Imr5g0gY6dY,"밖 안전(보행), 대인관계(소통)"
163,스마트 비밀 요원 1화 – 스마트 비밀 요원의 좀비 소탕 대작전!,중학생,중학생,본인,2022,스마트폰 솔루션,,"스마트폰 과의존으로 인한 마음과 뇌의 폐해, 범죄로 이어질 수 있는 스마트폰 과의존의 위험성 알기"
164,스마트 비밀 요원 2화 – 마음에도?! 백신 프로그램 설치 대작전!,중학생,중학생,본인,2022,스마트폰 솔루션,,"스마트폰 과의존으로 인한 마음과 뇌의 폐해, 범죄로 이어질 수 있는 스마트폰 과의존의 위험성 알기, 상담센터 안내"
165,"45. 스마트폰, 새로운 관계를 만드는 데 꼭 필요해?",중학생,중학생,본인,2021,SNS,https://www.youtube.com/embed/vH7AVPyhJf0,"SNS 친구에 대해, SNS 습관"
166,37. 우리집 스마트폰 하루 생활,중학생 학부모,중학생,학부모,2021,예절 및 가족,https://www.youtube.com/embed/CQIBy1__6Xo,"가족의 일상을 통한 스마튼 사용 현황, 스마트폰 사용 문제점, 집안에서의 바른 사용 실천"
167,44. 우리 가족 안녕하십니까?,중학생 학부모,중학생,학부모,2021,예절 및 가족,https://www.youtube.com/embed/xJq2uAwXS9c,가족들과 시간을 보내는 방법
168,"48. 알림, 가끔은 쉼을 위해 잠시 꺼두는 건 어떨까요?",중학생 학부모,중학생,학부모,2021,예절 및 가족,https://www.youtube.com/embed/TCxVIiSqYfc,"스마트폰 알림, 생활불편, 대화를 이어가지 못함, 불필요할 때는 알람을 끄기 스마트폰을 계속 보는 습관 줄이기"
169,40. 스마트폰으로 할 수 있는 것들,중학생 학부모,중학생,학부모,2021,건강관련,https://www.youtube.com/embed/rBtYJ8lw72w,"스마트폰 사용시간 어떻게 보내는지, 밤샌적"
170,50. 학교나 집에서 가볍게 할 수 있는 3분 스트레칭,중학생 학부모,중학생,학부모,2021,건강관련,https://www.youtube.com/embed/VNk9qMsLfv0,몸 스트레칭
171,51. 스마트폰에 지친 우리 몸을 깨우는 스트레칭,중학생 학부모,중학생,학부모,2021,건강관련,https://www.youtube.com/embed/Zf-tBfWLDJQ,몸 스트레칭
172,32. 청소년 자녀의 스마트폰 과의존,중학생 학부모,중학생,학부모,2021,전반적인 설명 및 개념 설명,https://www.youtube.com/embed/tgj-GIUfuKY,"청소년 세대의 스마트폰 사용 방식, 청소년 스마트폰 과의존의 문제점-가정, 메타버스가 미칠 영향, 스마트폰 교육 방안"
173,39.조금씩 내 일상에 들어온 스마트폰,중학생 학부모,중학생,학부모,2021,전반적인 설명 및 개념 설명,https://www.youtube.com/embed/NGnuzWS_6cI,"스마트폰 가진 것에 대한 부러움, 스마트폰을 어떻게 사용하고 생각하는지"
174,66. [슬기로운 부모생활 2021 온라인 릴레이 특강]조현섭 교수_1 스마트폰 과의존 정의 및 현황,중학생 학부모,중학생,학부모,2021,전반적인 설명 및 개념 설명,https://www.youtube.com/embed/8EeZ_WrmE0E,"스마트폰 과의존 및 현황, 문제"
175,67. [슬기로운 부모생활 2021 온라인 릴레이 특강]조현섭 교수_2 스마트폰 과의존 선별방법,중학생 학부모,중학생,학부모,2021,전반적인 설명 및 개념 설명,https://www.youtube.com/embed/OGu-3J6nZrA,"스마트폰 과의존 선별 방법, 스마트폰 사용 정도에 대한 설명"
176,62. [슬기로운 부모생활 2021 온라인 릴레이 특강]이장주 소장_1 지혜로운 부모를 위한 사전점검,중학생 학부모,중학생,학부모,2021,전반적인 설명 및 개념 설명,https://www.youtube.com/embed/N4V3GlRb-bE,"변화하는 시대에 필요한 부모의 지혜/ 스마트폰으로 인한 부모와 자녀의 갈등, 스마트폰이 없다면 갈등이 사라질까? 스마트폰을 적당히 사용하는 것이란? 스마트폰을 놓게하는 방법"
177,68. [슬기로운 부모생활 2021 온라인 릴레이 특강]조현섭 교수_3 스마트폰 과의존자 단계별 증상,중학생 학부모,중학생,학부모,2021,전반적인 설명 및 개념 설명,https://www.youtube.com/embed/NwTfVkCyAmY,스마트폰 과의존자 단계별 증상
178,69. [슬기로운 부모생활 2021 온라인 릴레이 특강]조현섭 교수_4 스마트폰 과의존 주요 원인,중학생 학부모,중학생,학부모,2021,전반적인 설명 및 개념 설명,https://www.youtube.com/embed/hxyQiaCj4RA,"스마트폰 과의존 주요 원인, 생물 개인 심리, 개인 문제"
179,70. [슬기로운 부모생활 2021 온라인 릴레이 특강]조현섭 교수_5 스마트폰 과의존의 부작용,중학생 학부모,중학생,학부모,2021,전반적인 설명 및 개념 설명,https://www.youtube.com/embed/Wi1tvOn6yvE,스마트폰 과의존의 부작용
180,36. 청소년 자녀를 위한 부모의 스마트폰 교육법,중학생 학부모,중학생,학부모,2021,스마트폰 솔루션,https://www.youtube.com/embed/hfjptdOyO6c,"실제 사연 해결방안, 자녀 지도방법, 대인관계, SNS 과의존, 게임"
181,41.스마트폰 없이 심심하지 않아?(1),중학생 학부모,중학생,학부모,2021,스마트폰 솔루션,https://www.youtube.com/embed/r7u7tf4ZgSE,"스마트폰 없는 여가시간, 스마트폰 조절 솔루션"
182,42. 스마트폰 없이 심심하지 않아?(2),중학생 학부모,중학생,학부모,2021,스마트폰 솔루션,https://www.youtube.com/embed/JqwJmlTj_BE,스마트폰 없이 심심하지 않게 보내는 방법
183,43. 스마트폰 없이 살아보기 vs 들고 살아보기,중학생 학부모,중학생,학부모,2021,스마트폰 솔루션,https://www.youtube.com/embed/zlQdOHwFKJY,
184,46. 스마트폰만 있으면 하루가 즐겁다고? 글쎄,중학생 학부모,중학생,학부모,2021,스마트폰 솔루션,https://www.youtube.com/embed/0GG4NoXb6Vs,스마트폰을 자유롭게 사용하게 두는 부모님 vs 잔소리 하는 부모님/ 스마트폰 자기관리에 도움이 되는 스마트한 도구로 활용
185,"47. 스마트폰만 보고 있는 우리 하루, 괜찮으신가요?",중학생 학부모,중학생,학부모,2021,스마트폰 솔루션,https://www.youtube.com/embed/RW-gxoTrU-I,"스무살 성인과 청소년의 스마트폰 사용, 불필요한 스마트폰 사용은 그만!"
186,49. 스마트폰을 대하는 우리의 달라진 자세,중학생 학부모,중학생,학부모,2021,스마트폰 솔루션,https://www.youtube.com/embed/Vmd-Wjh3mNw,"스마트폰 사용 비중이 크다는 것을 깨달은 청소년 들, 일상생활을 지켜주는 스마트폰 사용법"
187,"71. [슬기로운 부모생활 2021 온라인 릴레이 특강]조현섭 교수_6 슬기로운 디지털 생활, 스마트폰 바르게 사용하기",중학생 학부모,중학생,학부모,2021,스마트폰 솔루션,https://www.youtube.com/embed/7RpXcdHDtE4,스마트폰 바르게 사용하기
188,72. [슬기로운 부모생활 2021 온라인 릴레이 특강]조현섭 교수_7 자녀의 스마트폰 과의존 해결방안 ‘부모’,중학생 학부모,중학생,학부모,2021,스마트폰 솔루션,https://www.youtube.com/embed/o3xHcP8zAbg,"부모의 양육, 대처"
189,74. [슬기로운 부모생활 2021 온라인 릴레이 특강]조현섭 교수_9 스마트폰 과의존 예방 국가운영 센터 현황,중학생 학부모,중학생,학부모,2021,스마트폰 솔루션,https://www.youtube.com/embed/mN4VkIyGggI,스마트폰 과의존 예방 국가운영 센터 현황
190,78.따뜻한 마음으로 단호하게 지도하는 ‘겉바속촉’ 스마트폰 교육법,중학생 학부모,중학생,학부모,2020,스마트폰 솔루션,https://www.youtube.com/embed/NuYCGUMdFnM,스마트폰 과의존에 대해서 알려주기
191,스마트폰·인터넷 과의존과 스마트한 가정환경,중학생 학부모,중학생,학부모,2022,스마트폰 솔루션,,"인터넷 과의존 증상 및 단계, 가정 내에서 실천할 수 있는 인터넷 과의존 예방법"
192,청소년의 유해 콘텐츠 노출,중학생 학부모,중학생,학부모,2022,스마트폰 솔루션,,"청소년 자녀 유해 콘텐츠 노출 과정, 과의존 예방 및 지도 방법"
193,"인터넷 게임 과의존, 사행성 유발 게임에 의한 도박문제",중학생 학부모,중학생,학부모,2022,스마트폰 솔루션,,"인터넷 게임 과의존 청소년 주변 환경 및 특징 이헤, 과의존 에방 환경 및 실천 방안"
194,유튜브 등 인터넷 동영상 콘텐츠 과의존,중학생 학부모,중학생,학부모,2022,스마트폰 솔루션,,"동영상 시청의 장단점, 콘텐츠 선별력 기르기, 동영상 과의존 대처 방법"
195,"크리에이터가 되고 싶은 자녀, 과의존이 되지 않으려면",중학생 학부모,중학생,학부모,2022,스마트폰 솔루션,,"1인 미디어 콘텐츠의 영향력, 크리에이터 직업, 미더어 콘텐츠의 순기능과 과의존의 차이점"
196,34. 게임하는 청소년 자녀와 소통하는 법,중학생 학부모,중학생,학부모,2021,게임,https://www.youtube.com/embed/6guadx9mG4U,"청소년 게임 과의존 이유, 건강한 게임활용을 위한 부모의 교육법"
197,63. [슬기로운 부모생활 2021 온라인 릴레이 특강]이장주 소장_2 게임이 스펙이 되는 세상,중학생 학부모,중학생,학부모,2021,게임,https://www.youtube.com/embed/hLntZSb3r6g,"게임이 스펙이 되는 세상, 시대의 변화"
198,64. [슬기로운 부모생활 2021 온라인 릴레이 특강]이장주 소장_3 게임을 하는 아이들의 심리,중학생 학부모,중학생,학부모,2021,게임,https://www.youtube.com/embed/cLVohfqUemI,게임을 하는 아이들의 심리
199,65. [슬기로운 부모생활 2021 온라인 릴레이 특강]이장주 소장_4 게임으로 내 아이와 소통하기,중학생 학부모,중학생,학부모,2021,게임,https://www.youtube.com/embed/WQcPNCh3rrg,게임으로 내 아이와 소통하기
200,"인터넷 게임 과의존, 사행성 유발 게임에 의한 도박문제",중학생 학부모,중학생,학부모,2022,게임,,"인터넷 게임 과의존 청소년 주변 환경 및 특징 이헤, 과의존 에방 환경 및 실천 방안"
201,35. 청소년 자녀를 이해하는 SNS 사용법,중학생 학부모,중학생,학부모,2021,SNS,https://www.youtube.com/embed/PaKiARretgQ,"청소년 자녀 SNS속 관계 맺기, 심리적 문제, 지도 방법"
202,"45. 스마트폰, 새로운 관계를 만드는 데 꼭 필요해?",중학생 학부모,중학생,학부모,2021,SNS,https://www.youtube.com/embed/vH7AVPyhJf0,"SNS 친구에 대해, SNS 습관"
203,33.청소년 자녀를 위한 굿(Good)튜브 체크리스트,중학생 학부모,중학생,학부모,2021,유튜브 및 동영상,https://www.youtube.com/embed/HumLMjjdsCE,"유튜브, 콘텐츠 소비자 및 제작사로서의 자리 교육하기"
204,유튜브 등 인터넷 동영상 콘텐츠 과의존,중학생 학부모,중학생,학부모,2022,유튜브 및 동영상,,"동영상 시청의 장단점, 콘텐츠 선별력 기르기, 동영상 과의존 대처 방법"
205,"크리에이터가 되고 싶은 자녀, 과의존이 되지 않으려면",중학생 학부모,중학생,학부모,2022,유튜브 및 동영상,,"1인 미디어 콘텐츠의 영향력, 크리에이터 직업, 미더어 콘텐츠의 순기능과 과의존의 차이점"
206,청소년의 유해 콘텐츠 노출,중학생 학부모,중학생,학부모,2022,음란물,,"청소년 자녀 유해 콘텐츠 노출 과정, 과의존 예방 및 지도 방법"
207,37. 우리집 스마트폰 하루 생활,고등학생,고등학생,본인,2021,예절 및 가족,https://www.youtube.com/embed/CQIBy1__6Xo,"가족의 일상을 통한 스마튼 사용 현황, 스마트폰 사용 문제점, 집안에서의 바른 사용 실천"
208,44. 우리 가족 안녕하십니까?,고등학생,고등학생,본인,2021,예절 및 가족,https://www.youtube.com/embed/xJq2uAwXS9c,가족들과 시간을 보내는 방법
209,"48. 알림, 가끔은 쉼을 위해 잠시 꺼두는 건 어떨까요?",고등학생,고등학생,본인,2021,예절 및 가족,https://www.youtube.com/embed/TCxVIiSqYfc,"스마트폰 알림, 생활불편, 대화를 이어가지 못함, 불필요할 때는 알람을 끄기 스마트폰을 계속 보는 습관 줄이기"
210,40.스마트폰으로 할 수 있는 것들,고등학생,고등학생,본인,2021,건강관련,https://www.youtube.com/embed/rBtYJ8lw72w,"스마트폰 사용시간 어떻게 보내는지, 밤샌적"
211,50. 학교나 집에서 가볍게 할 수 있는 3분 스트레칭,고등학생,고등학생,본인,2021,건강관련,https://www.youtube.com/embed/VNk9qMsLfv0,몸 스트레칭
212,51. 스마트폰에 지친 우리 몸을 깨우는 스트레칭,고등학생,고등학생,본인,2021,건강관련,https://www.youtube.com/embed/Zf-tBfWLDJQ,몸 스트레칭
213,17. 어제보다 더 업그레이드!,고등학생,고등학생,본인,2021,전반적인 설명 및 개념 설명,https://www.youtube.com/embed/z7JcPB9ZC28,"(인터뷰)스마트폰 과의존개념, 과의존"
214,39.조금씩 내 일상에 들어온 스마트폰,고등학생,고등학생,본인,2021,전반적인 설명 및 개념 설명,https://www.youtube.com/embed/NGnuzWS_6cI,"스마트폰 가진 것에 대한 부러움, 스마트폰을 어떻게 사용하고 생각하는지"
215,디지털 바이러스 1화 – 마음의 백신,고등학생,고등학생,본인,2022,전반적인 설명 및 개념 설명,,"스마트폰, 미디어 과의존으로 인한 정신적 폐해, 범죄로 이어질 가능성에 대해 인지, 스마트쉼센터 활용"
216,디지털 바이러스 2화 – 심리적 좀비,고등학생,고등학생,본인,2022,전반적인 설명 및 개념 설명,,"스마트폰, 미디어 과의존으로 인한 정신적 폐해, 범죄로 이어질 가능성에 대해 인지, 스마트쉼센터 활용"
217,15. 폰과의 전쟁,고등학생,고등학생,본인,2021,스마트폰 솔루션,https://www.youtube.com/embed/4fXsPwoncFI,"(인)정신적 의존, 지적, 사회적, 솔루션"
218,"16. 스마트폰, 바르고 똑똑하게!",고등학생,고등학생,본인,2021,스마트폰 솔루션,https://www.youtube.com/embed/TnbeBe_DV2g,"(인)스마트폰 긍정성(관게 유지 및 강화, 대인관계, 정서적, 사회, 학업, 학습방법)"
219,41.스마트폰 없이 심심하지 않아?(1),고등학생,고등학생,본인,2021,스마트폰 솔루션,https://www.youtube.com/embed/r7u7tf4ZgSE,"스마트폰 없는 여가시간, 스마트폰 조절 솔루션"
220,42. 스마트폰 없이 심심하지 않아?(2),고등학생,고등학생,본인,2021,스마트폰 솔루션,https://www.youtube.com/embed/JqwJmlTj_BE,스마트폰 없이 심심하지 않게 보내는 방법
221,43. 스마트폰 없이 살아보기 vs 들고 살아보기,고등학생,고등학생,본인,2021,스마트폰 솔루션,https://www.youtube.com/embed/zlQdOHwFKJY,
222,46. 스마트폰만 있으면 하루가 즐겁다고? 글쎄,고등학생,고등학생,본인,2021,스마트폰 솔루션,https://www.youtube.com/embed/0GG4NoXb6Vs,스마트폰을 자유롭게 사용하게 두는 부모님 vs 잔소리 하는 부모님/ 스마트폰 자기관리에 도움이 되는 스마트한 도구로 활용
223,"47. 스마트폰만 보고 있는 우리 하루, 괜찮으신가요?",고등학생,고등학생,본인,2021,스마트폰 솔루션,https://www.youtube.com/embed/RW-gxoTrU-I,"스무살 성인과 청소년의 스마트폰 사용, 불필요한 스마트폰 사용은 그만!"
224,49. 스마트폰을 대하는 우리의 달라진 자세,고등학생,고등학생,본인,2021,스마트폰 솔루션,https://www.youtube.com/embed/Vmd-Wjh3mNw,"스마트폰 사용 비중이 크다는 것을 깨달은 청소년 들, 일상생활을 지켜주는 스마트폰 사용법"
225,73. 부모생활 2021 온라인 릴레이 특강]조현섭 교수_8 청소년 스스로 스마트폰 과의존 대처방안,고등학생,고등학생,본인,2023,스마트폰 솔루션,,
226,79. 한 뼘 더 성장하는 '스마트 성장 비타민',고등학생,고등학생,본인,2019,스마트폰 솔루션,https://www.youtube.com/embed/NGaXTpY4dwM,스마트폰 사용법 스마트하게 즐기기
227,디지털 바이러스 1화 – 마음의 백신,고등학생,고등학생,본인,2022,스마트폰 솔루션,,"스마트폰, 미디어 과의존으로 인한 정신적 폐해, 범죄로 이어질 가능성에 대해 인지, 스마트쉼센터 활용"
228,디지털 바이러스 2화 – 심리적 좀비,고등학생,고등학생,본인,2022,스마트폰 솔루션,,"스마트폰, 미디어 과의존으로 인한 정신적 폐해, 범죄로 이어질 가능성에 대해 인지, 스마트쉼센터 활용"
229,"45. 스마트폰, 새로운 관계를 만드는 데 꼭 필요해?",고등학생,고등학생,본인,2021,SNS,https://www.youtube.com/embed/vH7AVPyhJf0,"SNS 친구에 대해, SNS 습관"
230,37. 우리집 스마트폰 하루 생활,고등학생 학부모,고등학생,학부모,2021,예절 및 가족,https://www.youtube.com/embed/CQIBy1__6Xo,"가족의 일상을 통한 스마튼 사용 현황, 스마트폰 사용 문제점, 집안에서의 바른 사용 실천"
231,44. 우리 가족 안녕하십니까?,고등학생 학부모,고등학생,학부모,2021,예절 및 가족,https://www.youtube.com/embed/xJq2uAwXS9c,가족들과 시간을 보내는 방법
232,"48. 알림, 가끔은 쉼을 위해 잠시 꺼두는 건 어떨까요?",고등학생 학부모,고등학생,학부모,2021,예절 및 가족,https://www.youtube.com/embed/TCxVIiSqYfc,"스마트폰 알림, 생활불편, 대화를 이어가지 못함, 불필요할 때는 알람을 끄기 스마트폰을 계속 보는 습관 줄이기"
233,40.스마트폰으로 할 수 있는 것들,고등학생 학부모,고등학생,학부모,2021,건강관련,https://www.youtube.com/embed/rBtYJ8lw72w,"스마트폰 사용시간 어떻게 보내는지, 밤샌적"
234,50. 학교나 집에서 가볍게 할 수 있는 3분 스트레칭,고등학생 학부모,고등학생,학부모,2021,건강관련,https://www.youtube.com/embed/VNk9qMsLfv0,몸 스트레칭
235,51. 스마트폰에 지친 우리 몸을 깨우는 스트레칭,고등학생 학부모,고등학생,학부모,2021,건강관련,https://www.youtube.com/embed/Zf-tBfWLDJQ,몸 스트레칭
236,32. 청소년 자녀의 스마트폰 과의존,고등학생 학부모,고등학생,학부모,2021,전반적인 설명 및 개념 설명,https://www.youtube.com/embed/tgj-GIUfuKY,"청소년 세대의 스마트폰 사용 방식, 청소년 스마트폰 과의존의 문제점-가정, 메타버스가 미칠 영향, 스마트폰 교육 방안"
237,39.조금씩 내 일상에 들어온 스마트폰,고등학생 학부모,고등학생,학부모,2021,전반적인 설명 및 개념 설명,https://www.youtube.com/embed/NGnuzWS_6cI,"스마트폰 가진 것에 대한 부러움, 스마트폰을 어떻게 사용하고 생각하는지"
238,66. [슬기로운 부모생활 2021 온라인 릴레이 특강]조현섭 교수_1 스마트폰 과의존 정의 및 현황,고등학생 학부모,고등학생,학부모,2021,전반적인 설명 및 개념 설명,https://www.youtube.com/embed/8EeZ_WrmE0E,"스마트폰 과의존 및 현황, 문제"
239,67. [슬기로운 부모생활 2021 온라인 릴레이 특강]조현섭 교수_2 스마트폰 과의존 선별방법,고등학생 학부모,고등학생,학부모,2021,전반적인 설명 및 개념 설명,https://www.youtube.com/embed/OGu-3J6nZrA,"스마트폰 과의존 선별 방법, 스마트폰 사용 정도에 대한 설명"
240,62. [슬기로운 부모생활 2021 온라인 릴레이 특강]이장주 소장_1 지혜로운 부모를 위한 사전점검,고등학생 학부모,고등학생,학부모,2021,전반적인 설명 및 개념 설명,https://www.youtube.com/embed/N4V3GlRb-bE,"변화하는 시대에 필요한 부모의 지혜/ 스마트폰으로 인한 부모와 자녀의 갈등, 스마트폰이 없다면 갈등이 사라질까? 스마트폰을 적당히 사용하는 것이란? 스마트폰을 놓게하는 방법"
241,68. [슬기로운 부모생활 2021 온라인 릴레이 특강]조현섭 교수_3 스마트폰 과의존자 단계별 증상,고등학생 학부모,고등학생,학부모,2021,전반적인 설명 및 개념 설명,https://www.youtube.com/embed/NwTfVkCyAmY,스마트폰 과의존자 단계별 증상
242,69. [슬기로운 부모생활 2021 온라인 릴레이 특강]조현섭 교수_4 스마트폰 과의존 주요 원인,고등학생 학부모,고등학생,학부모,2021,전반적인 설명 및 개념 설명,https://www.youtube.com/embed/hxyQiaCj4RA,"스마트폰 과의존 주요 원인, 생물 개인 심리, 개인 문제"
243,70. [슬기로운 부모생활 2021 온라인 릴레이 특강]조현섭 교수_5 스마트폰 과의존의 부작용,고등학생 학부모,고등학생,학부모,2021,전반적인 설명 및 개념 설명,https://www.youtube.com/embed/Wi1tvOn6yvE,스마트폰 과의존의 부작용
244,36. 청소년 자녀를 위한 부모의 스마트폰 교육법,고등학생 학부모,고등학생,학부모,2021,스마트폰 솔루션,https://www.youtube.com/embed/hfjptdOyO6c,"실제 사연 해결방안, 자녀 지도방법, 대인관계, SNS 과의존, 게임"
245,41.스마트폰 없이 심심하지 않아?(1),고등학생 학부모,고등학생,학부모,2021,스마트폰 솔루션,https://www.youtube.com/embed/r7u7tf4ZgSE,"스마트폰 없는 여가시간, 스마트폰 조절 솔루션"
246,42. 스마트폰 없이 심심하지 않아?(2),고등학생 학부모,고등학생,학부모,2021,스마트폰 솔루션,https://www.youtube.com/embed/JqwJmlTj_BE,스마트폰 없이 심심하지 않게 보내는 방법
247,43. 스마트폰 없이 살아보기 vs 들고 살아보기,고등학생 학부모,고등학생,학부모,2021,스마트폰 솔루션,https://www.youtube.com/embed/zlQdOHwFKJY,
248,46. 스마트폰만 있으면 하루가 즐겁다고? 글쎄,고등학생 학부모,고등학생,학부모,2021,스마트폰 솔루션,https://www.youtube.com/embed/0GG4NoXb6Vs,스마트폰을 자유롭게 사용하게 두는 부모님 vs 잔소리 하는 부모님/ 스마트폰 자기관리에 도움이 되는 스마트한 도구로 활용
249,"47. 스마트폰만 보고 있는 우리 하루, 괜찮으신가요?",고등학생 학부모,고등학생,학부모,2021,스마트폰 솔루션,https://www.youtube.com/embed/RW-gxoTrU-I,"스무살 성인과 청소년의 스마트폰 사용, 불필요한 스마트폰 사용은 그만!"
250,49. 스마트폰을 대하는 우리의 달라진 자세,고등학생 학부모,고등학생,학부모,2021,스마트폰 솔루션,https://www.youtube.com/embed/Vmd-Wjh3mNw,"스마트폰 사용 비중이 크다는 것을 깨달은 청소년 들, 일상생활을 지켜주는 스마트폰 사용법"
251,"71. [슬기로운 부모생활 2021 온라인 릴레이 특강]조현섭 교수_6 슬기로운 디지털 생활, 스마트폰 바르게 사용하기",고등학생 학부모,고등학생,학부모,2021,스마트폰 솔루션,https://www.youtube.com/embed/7RpXcdHDtE4,스마트폰 바르게 사용하기
252,72. [슬기로운 부모생활 2021 온라인 릴레이 특강]조현섭 교수_7 자녀의 스마트폰 과의존 해결방안 ‘부모’,고등학생 학부모,고등학생,학부모,2021,스마트폰 솔루션,https://www.youtube.com/embed/o3xHcP8zAbg,"부모의 양육, 대처"
253,74. [슬기로운 부모생활 2021 온라인 릴레이 특강]조현섭 교수_9 스마트폰 과의존 예방 국가운영 센터 현황,고등학생 학부모,고등학생,학부모,2021,스마트폰 솔루션,https://www.youtube.com/embed/mN4VkIyGggI,스마트폰 과의존 예방 국가운영 센터 현황
254,78.따뜻한 마음으로 단호하게 지도하는 ‘겉바속촉’ 스마트폰 교육법,고등학생 학부모,고등학생,학부모,2020,스마트폰 솔루션,https://www.youtube.com/embed/NuYCGUMdFnM,스마트폰 과의존에 대해서 알려주기
255,스마트폰·인터넷 과의존과 스마트한 가정환경,고등학생 학부모,고등학생,학부모,2022,스마트폰 솔루션,,"인터넷 과의존 증상 및 단계, 가정 내에서 실천할 수 있는 인터넷 과의존 예방법"
256,청소년의 유해 콘텐츠 노출,고등학생 학부모,고등학생,학부모,2022,스마트폰 솔루션,,"청소년 자녀 유해 콘텐츠 노출 과정, 과의존 예방 및 지도 방법"
257,"인터넷 게임 과의존, 사행성 유발 게임에 의한 도박문제",고등학생 학부모,고등학생,학부모,2022,스마트폰 솔루션,,"인터넷 게임 과의존 청소년 주변 환경 및 특징 이헤, 과의존 에방 환경 및 실천 방안"
258,유튜브 등 인터넷 동영상 콘텐츠 과의존,고등학생 학부모,고등학생,학부모,2022,스마트폰 솔루션,,"동영상 시청의 장단점, 콘텐츠 선별력 기르기, 동영상 과의존 대처 방법"
259,"크리에이터가 되고 싶은 자녀, 과의존이 되지 않으려면",고등학생 학부모,고등학생,학부모,2022,스마트폰 솔루션,,"1인 미디어 콘텐츠의 영향력, 크리에이터 직업, 미더어 콘텐츠의 순기능과 과의존의 차이점"
260,34. 게임하는 청소년 자녀와 소통하는 법,고등학생 학부모,고등학생,학부모,2021,게임,https://www.youtube.com/embed/6guadx9mG4U,"청소년 게임 과의존 이유, 건강한 게임활용을 위한 부모의 교육법"
261,63. [슬기로운 부모생활 2021 온라인 릴레이 특강]이장주 소장_2 게임이 스펙이 되는 세상,고등학생 학부모,고등학생,학부모,2021,게임,https://www.youtube.com/embed/hLntZSb3r6g,"게임이 스펙이 되는 세상, 시대의 변화"
262,64. [슬기로운 부모생활 2021 온라인 릴레이 특강]이장주 소장_3 게임을 하는 아이들의 심리,고등학생 학부모,고등학생,학부모,2021,게임,https://www.youtube.com/embed/cLVohfqUemI,게임을 하는 아이들의 심리
263,65. [슬기로운 부모생활 2021 온라인 릴레이 특강]이장주 소장_4 게임으로 내 아이와 소통하기,고등학생 학부모,고등학생,학부모,2021,게임,https://www.youtube.com/embed/WQcPNCh3rrg,게임으로 내 아이와 소통하기
264,"인터넷 게임 과의존, 사행성 유발 게임에 의한 도박문제",고등학생 학부모,고등학생,학부모,2022,게임,,"인터넷 게임 과의존 청소년 주변 환경 및 특징 이헤, 과의존 에방 환경 및 실천 방안"
265,35. 청소년 자녀를 이해하는 SNS 사용법,고등학생 학부모,고등학생,학부모,2021,SNS,https://www.youtube.com/embed/PaKiARretgQ,"청소년 자녀 SNS속 관계 맺기, 심리적 문제, 지도 방법"
266,"45. 스마트폰, 새로운 관계를 만드는 데 꼭 필요해?",고등학생 학부모,고등학생,학부모,2021,SNS,https://www.youtube.com/embed/vH7AVPyhJf0,"SNS 친구에 대해, SNS 습관"
267,33. 청소년 자녀를 위한 굿(Good)튜브 체크리스트,고등학생 학부모,고등학생,학부모,2021,유튜브 및 동영상,https://www.youtube.com/embed/HumLMjjdsCE,"유튜브, 콘텐츠 소비자 및 제작사로서의 자리 교육하기"
268,유튜브 등 인터넷 동영상 콘텐츠 과의존,고등학생 학부모,고등학생,학부모,2022,유튜브 및 동영상,,"동영상 시청의 장단점, 콘텐츠 선별력 기르기, 동영상 과의존 대처 방법"
269,"크리에이터가 되고 싶은 자녀, 과의존이 되지 않으려면",고등학생 학부모,고등학생,학부모,2022,유튜브 및 동영상,,"1인 미디어 콘텐츠의 영향력, 크리에이터 직업, 미더어 콘텐츠의 순기능과 과의존의 차이점"
270,청소년의 유해 콘텐츠 노출,고등학생 학부모,고등학생,학부모,2022,음란물,,"청소년 자녀 유해 콘텐츠 노출 과정, 과의존 예방 및 지도 방법"
272,37. 우리집 스마트폰 하루 생활,장애청소년,장애청소년,본인,2021,예절 및 가족,https://www.youtube.com/embed/CQIBy1__6Xo,"가족의 일상을 통한 스마튼 사용 현황, 스마트폰 사용 문제점, 집안에서의 바른 사용 실천"
273,44. 우리 가족 안녕하십니까?,장애청소년,장애청소년,본인,2021,예절 및 가족,https://www.youtube.com/embed/xJq2uAwXS9c,가족들과 시간을 보내는 방법
274,"48. 알림, 가끔은 쉼을 위해 잠시 꺼두는 건 어떨까요?",장애청소년,장애청소년,본인,2021,예절 및 가족,https://www.youtube.com/embed/TCxVIiSqYfc,"스마트폰 알림, 생활불편, 대화를 이어가지 못함, 불필요할 때는 알람을 끄기 스마트폰을 계속 보는 습관 줄이기"
275,40.스마트폰으로 할 수 있는 것들,장애청소년,장애청소년,본인,2021,건강관련,https://www.youtube.com/embed/rBtYJ8lw72w,"스마트폰 사용시간 어떻게 보내는지, 밤샌적"
276,50. 학교나 집에서 가볍게 할 수 있는 3분 스트레칭,장애청소년,장애청소년,본인,2021,건강관련,https://www.youtube.com/embed/VNk9qMsLfv0,몸 스트레칭
277,51. 스마트폰에 지친 우리 몸을 깨우는 스트레칭,장애청소년,장애청소년,본인,2021,건강관련,https://www.youtube.com/embed/Zf-tBfWLDJQ,몸 스트레칭
278,39.조금씩 내 일상에 들어온 스마트폰,장애청소년,장애청소년,본인,2021,전반적인 설명 및 개념 설명,https://www.youtube.com/embed/NGnuzWS_6cI,"스마트폰 가진 것에 대한 부러움, 스마트폰을 어떻게 사용하고 생각하는지"
279,나는 스마트폰을 어떻게 사용하고 있는지 확인해봐요,장애청소년,장애청소년,본인,2022,전반적인 설명 및 개념 설명,,"스마트폰 사용 습관 점검, 자주 쓰는 어플 파악, 스마트폰 과의존으로 인한 갈등 파악"
280,상황에 맞게 스마트폰을 사용해요,장애청소년,장애청소년,본인,2022,전반적인 설명 및 개념 설명,,"스마트폰 사용 시 유의사항, 상황에 따른 올바른 스마트폰 사용방법"
281,SNS를 사용할 때 주의할 점을 알아봐요,장애청소년,장애청소년,본인,2022,전반적인 설명 및 개념 설명,,"SNS 특성, 나와 지인들이 올리는 게시물 내용 파악, SNS 이용 시 고민사항"
282,"이런 상황, 이런 애플리케이션은 주의해요",장애청소년,장애청소년,본인,2022,전반적인 설명 및 개념 설명,,"사용 주의해야 할 어플 파악, SNS 사용 시 주의 사항, 랜덤채팅의 위험성 파악"
283,41.스마트폰 없이 심심하지 않아?(1),장애청소년,장애청소년,본인,2021,스마트폰 솔루션,https://www.youtube.com/embed/r7u7tf4ZgSE,"스마트폰 없는 여가시간, 스마트폰 조절 솔루션"
284,42. 스마트폰 없이 심심하지 않아?(2),장애청소년,장애청소년,본인,2021,스마트폰 솔루션,https://www.youtube.com/embed/JqwJmlTj_BE,스마트폰 없이 심심하지 않게 보내는 방법
285,43. 스마트폰 없이 살아보기 vs 들고 살아보기,장애청소년,장애청소년,본인,2021,스마트폰 솔루션,https://www.youtube.com/embed/zlQdOHwFKJY,
286,46. 스마트폰만 있으면 하루가 즐겁다고? 글쎄,장애청소년,장애청소년,본인,2021,스마트폰 솔루션,https://www.youtube.com/embed/0GG4NoXb6Vs,스마트폰을 자유롭게 사용하게 두는 부모님 vs 잔소리 하는 부모님/ 스마트폰 자기관리에 도움이 되는 스마트한 도구로 활용
287,"47. 스마트폰만 보고 있는 우리 하루, 괜찮으신가요?",장애청소년,장애청소년,본인,2021,스마트폰 솔루션,https://www.youtube.com/embed/RW-gxoTrU-I,"스무살 성인과 청소년의 스마트폰 사용, 불필요한 스마트폰 사용은 그만!"
288,49. 스마트폰을 대하는 우리의 달라진 자세,장애청소년,장애청소년,본인,2021,스마트폰 솔루션,https://www.youtube.com/embed/Vmd-Wjh3mNw,"스마트폰 사용 비중이 크다는 것을 깨달은 청소년 들, 일상생활을 지켜주는 스마트폰 사용법"
289,73. 부모생활 2021 온라인 릴레이 특강]조현섭 교수_8 청소년 스스로 스마트폰 과의존 대처방안,장애청소년,장애청소년,본인,2023,스마트폰 솔루션,,
290,79. 한 뼘 더 성장하는 '스마트 성장 비타민',장애청소년,장애청소년,본인,2019,스마트폰 솔루션,https://www.youtube.com/embed/NGaXTpY4dwM,스마트폰 사용법 스마트하게 즐기기
291,나는 스마트폰을 어떻게 사용하고 있는지 확인해봐요,장애청소년,장애청소년,본인,2022,스마트폰 솔루션,,"스마트폰 사용 습관 점검, 자주 쓰는 어플 파악, 스마트폰 과의존으로 인한 갈등 파악"
292,상황에 맞게 스마트폰을 사용해요,장애청소년,장애청소년,본인,2022,스마트폰 솔루션,,"스마트폰 사용 시 유의사항, 상황에 따른 올바른 스마트폰 사용방법"
293,SNS를 사용할 때 주의할 점을 알아봐요,장애청소년,장애청소년,본인,2022,스마트폰 솔루션,,"SNS 특성, 나와 지인들이 올리는 게시물 내용 파악, SNS 이용 시 고민사항"
294,"이런 상황, 이런 애플리케이션은 주의해요",장애청소년,장애청소년,본인,2022,스마트폰 솔루션,,"사용 주의해야 할 어플 파악, SNS 사용 시 주의 사항, 랜덤채팅의 위험성 파악"
295,"45. 스마트폰, 새로운 관계를 만드는 데 꼭 필요해?",장애청소년,장애청소년,본인,2021,SNS,https://www.youtube.com/embed/vH7AVPyhJf0,"SNS 친구에 대해, SNS 습관"
296,37. 우리집 스마트폰 하루 생활,장애청소년 학부모,장애청소년,학부모,2021,예절 및 가족,https://www.youtube.com/embed/CQIBy1__6Xo,"가족의 일상을 통한 스마튼 사용 현황, 스마트폰 사용 문제점, 집안에서의 바른 사용 실천"
297,44. 우리 가족 안녕하십니까?,장애청소년 학부모,장애청소년,학부모,2021,예절 및 가족,https://www.youtube.com/embed/xJq2uAwXS9c,가족들과 시간을 보내는 방법
298,"48. 알림, 가끔은 쉼을 위해 잠시 꺼두는 건 어떨까요?",장애청소년 학부모,장애청소년,학부모,2021,예절 및 가족,https://www.youtube.com/embed/TCxVIiSqYfc,"스마트폰 알림, 생활불편, 대화를 이어가지 못함, 불필요할 때는 알람을 끄기 스마트폰을 계속 보는 습관 줄이기"
299,40.스마트폰으로 할 수 있는 것들,장애청소년 학부모,장애청소년,학부모,2021,건강관련,https://www.youtube.com/embed/rBtYJ8lw72w,"스마트폰 사용시간 어떻게 보내는지, 밤샌적"
300,50. 학교나 집에서 가볍게 할 수 있는 3분 스트레칭,장애청소년 학부모,장애청소년,학부모,2021,건강관련,https://www.youtube.com/embed/VNk9qMsLfv0,몸 스트레칭
301,51. 스마트폰에 지친 우리 몸을 깨우는 스트레칭,장애청소년 학부모,장애청소년,학부모,2021,건강관련,https://www.youtube.com/embed/Zf-tBfWLDJQ,몸 스트레칭
302,32. 청소년 자녀의 스마트폰 과의존,장애청소년 학부모,장애청소년,학부모,2021,전반적인 설명 및 개념 설명,https://www.youtube.com/embed/tgj-GIUfuKY,"청소년 세대의 스마트폰 사용 방식, 청소년 스마트폰 과의존의 문제점-가정, 메타버스가 미칠 영향, 스마트폰 교육 방안"
303,39..조금씩 내 일상에 들어온 스마트폰,장애청소년 학부모,장애청소년,학부모,2023,전반적인 설명 및 개념 설명,,
304,66. [슬기로운 부모생활 2021 온라인 릴레이 특강]조현섭 교수_1 스마트폰 과의존 정의 및 현황,장애청소년 학부모,장애청소년,학부모,2021,전반적인 설명 및 개념 설명,https://www.youtube.com/embed/8EeZ_WrmE0E,"스마트폰 과의존 및 현황, 문제"
305,67. [슬기로운 부모생활 2021 온라인 릴레이 특강]조현섭 교수_2 스마트폰 과의존 선별방법,장애청소년 학부모,장애청소년,학부모,2021,전반적인 설명 및 개념 설명,https://www.youtube.com/embed/OGu-3J6nZrA,"스마트폰 과의존 선별 방법, 스마트폰 사용 정도에 대한 설명"
306,62. [슬기로운 부모생활 2021 온라인 릴레이 특강]이장주 소장_1 지혜로운 부모를 위한 사전점검,장애청소년 학부모,장애청소년,학부모,2021,전반적인 설명 및 개념 설명,https://www.youtube.com/embed/N4V3GlRb-bE,"변화하는 시대에 필요한 부모의 지혜/ 스마트폰으로 인한 부모와 자녀의 갈등, 스마트폰이 없다면 갈등이 사라질까? 스마트폰을 적당히 사용하는 것이란? 스마트폰을 놓게하는 방법"
307,68. [슬기로운 부모생활 2021 온라인 릴레이 특강]조현섭 교수_3 스마트폰 과의존자 단계별 증상,장애청소년 학부모,장애청소년,학부모,2021,전반적인 설명 및 개념 설명,https://www.youtube.com/embed/NwTfVkCyAmY,스마트폰 과의존자 단계별 증상
308,69. [슬기로운 부모생활 2021 온라인 릴레이 특강]조현섭 교수_4 스마트폰 과의존 주요 원인,장애청소년 학부모,장애청소년,학부모,2021,전반적인 설명 및 개념 설명,https://www.youtube.com/embed/hxyQiaCj4RA,"스마트폰 과의존 주요 원인, 생물 개인 심리, 개인 문제"
309,70. [슬기로운 부모생활 2021 온라인 릴레이 특강]조현섭 교수_5 스마트폰 과의존의 부작용,장애청소년 학부모,장애청소년,학부모,2021,전반적인 설명 및 개념 설명,https://www.youtube.com/embed/Wi1tvOn6yvE,스마트폰 과의존의 부작용
310,36. 청소년 자녀를 위한 부모의 스마트폰 교육법,장애청소년 학부모,장애청소년,학부모,2021,스마트폰 솔루션,https://www.youtube.com/embed/hfjptdOyO6c,"실제 사연 해결방안, 자녀 지도방법, 대인관계, SNS 과의존, 게임"
311,41.스마트폰 없이 심심하지 않아?(1),장애청소년 학부모,장애청소년,학부모,2021,스마트폰 솔루션,https://www.youtube.com/embed/r7u7tf4ZgSE,"스마트폰 없는 여가시간, 스마트폰 조절 솔루션"
312,42. 스마트폰 없이 심심하지 않아?(2),장애청소년 학부모,장애청소년,학부모,2021,스마트폰 솔루션,https://www.youtube.com/embed/JqwJmlTj_BE,스마트폰 없이 심심하지 않게 보내는 방법
313,43. 스마트폰 없이 살아보기 vs 들고 살아보기,장애청소년 학부모,장애청소년,학부모,2021,스마트폰 솔루션,https://www.youtube.com/embed/zlQdOHwFKJY,
314,46. 스마트폰만 있으면 하루가 즐겁다고? 글쎄,장애청소년 학부모,장애청소년,학부모,2021,스마트폰 솔루션,https://www.youtube.com/embed/0GG4NoXb6Vs,스마트폰을 자유롭게 사용하게 두는 부모님 vs 잔소리 하는 부모님/ 스마트폰 자기관리에 도움이 되는 스마트한 도구로 활용
315,"47. 스마트폰만 보고 있는 우리 하루, 괜찮으신가요?",장애청소년 학부모,장애청소년,학부모,2021,스마트폰 솔루션,https://www.youtube.com/embed/RW-gxoTrU-I,"스무살 성인과 청소년의 스마트폰 사용, 불필요한 스마트폰 사용은 그만!"
316,49. 스마트폰을 대하는 우리의 달라진 자세,장애청소년 학부모,장애청소년,학부모,2021,스마트폰 솔루션,https://www.youtube.com/embed/Vmd-Wjh3mNw,"스마트폰 사용 비중이 크다는 것을 깨달은 청소년 들, 일상생활을 지켜주는 스마트폰 사용법"
317,"71. [슬기로운 부모생활 2021 온라인 릴레이 특강]조현섭 교수_6 슬기로운 디지털 생활, 스마트폰 바르게 사용하기",장애청소년 학부모,장애청소년,학부모,2021,스마트폰 솔루션,https://www.youtube.com/embed/7RpXcdHDtE4,스마트폰 바르게 사용하기
318,72. [슬기로운 부모생활 2021 온라인 릴레이 특강]조현섭 교수_7 자녀의 스마트폰 과의존 해결방안 ‘부모’,장애청소년 학부모,장애청소년,학부모,2021,스마트폰 솔루션,https://www.youtube.com/embed/o3xHcP8zAbg,"부모의 양육, 대처"
319,74. [슬기로운 부모생활 2021 온라인 릴레이 특강]조현섭 교수_9 스마트폰 과의존 예방 국가운영 센터 현황,장애청소년 학부모,장애청소년,학부모,2021,스마트폰 솔루션,https://www.youtube.com/embed/mN4VkIyGggI,스마트폰 과의존 예방 국가운영 센터 현황
320,78.따뜻한 마음으로 단호하게 지도하는 ‘겉바속촉’ 스마트폰 교육법,장애청소년 학부모,장애청소년,학부모,2020,스마트폰 솔루션,https://www.youtube.com/embed/NuYCGUMdFnM,스마트폰 과의존에 대해서 알려주기
321,34. 게임하는 청소년 자녀와 소통하는 법,장애청소년 학부모,장애청소년,학부모,2021,게임,https://www.youtube.com/embed/6guadx9mG4U,"청소년 게임 과의존 이유, 건강한 게임활용을 위한 부모의 교육법"
322,63. [슬기로운 부모생활 2021 온라인 릴레이 특강]이장주 소장_2 게임이 스펙이 되는 세상,장애청소년 학부모,장애청소년,학부모,2021,게임,https://www.youtube.com/embed/hLntZSb3r6g,"게임이 스펙이 되는 세상, 시대의 변화"
323,64. [슬기로운 부모생활 2021 온라인 릴레이 특강]이장주 소장_3 게임을 하는 아이들의 심리,장애청소년 학부모,장애청소년,학부모,2021,게임,https://www.youtube.com/embed/cLVohfqUemI,게임을 하는 아이들의 심리
324,65. [슬기로운 부모생활 2021 온라인 릴레이 특강]이장주 소장_4 게임으로 내 아이와 소통하기,장애청소년 학부모,장애청소년,학부모,2021,게임,https://www.youtube.com/embed/WQcPNCh3rrg,게임으로 내 아이와 소통하기
325,35. 청소년 자녀를 이해하는 SNS 사용법,장애청소년 학부모,장애청소년,학부모,2021,SNS,https://www.youtube.com/embed/PaKiARretgQ,"청소년 자녀 SNS속 관계 맺기, 심리적 문제, 지도 방법"
326,"45. 스마트폰, 새로운 관계를 만드는 데 꼭 필요해?",장애청소년 학부모,장애청소년,학부모,2021,SNS,https://www.youtube.com/embed/vH7AVPyhJf0,"SNS 친구에 대해, SNS 습관"
327,33. 청소년 자녀를 위한 굿(Good)튜브 체크리스트,장애청소년 학부모,장애청소년,학부모,2021,유튜브 및 동영상,https://www.youtube.com/embed/HumLMjjdsCE,"유튜브, 콘텐츠 소비자 및 제작사로서의 자리 교육하기"
328,37. 우리집 스마트폰 하루 생활,대학생,대학생,본인,2021,예절 및 가족,https://www.youtube.com/embed/CQIBy1__6Xo,"가족의 일상을 통한 스마튼 사용 현황, 스마트폰 사용 문제점, 집안에서의 바른 사용 실천"
329,77. 건강한 스마트폰 사용을 위한 ‘낄끼빠빠’접근법,대학생,대학생,본인,2020,전반적인 설명 및 개념 설명,https://www.youtube.com/embed/nBw38_Ljhqw,"스마트폰과의존 심각성 현황, 스마트폰 과의존 진단 같이 하기, 스마트폰 사용하는 이유, 스마트폰 과의존 해소 방법, 도움 받는 법"
330,80. 스마트한 ON/OFF,대학생,대학생,본인,2019,전반적인 설명 및 개념 설명,https://www.youtube.com/embed/N6IANWJ-ujw,"스마트폰 이용 현황, 문제"
331,86. 대학생 대상 스마트폰 과의존 예방교육 콘텐츠,대학생,대학생,본인,2018,전반적인 설명 및 개념 설명,https://www.youtube.com/embed/TXjpeLysvt4,스마트폰 역사 부터 전반적인 설명
332,18.스마트폰 과의존 바로 알기,대학생,대학생,본인,2021,스마트폰 솔루션,https://www.youtube.com/embed/FIxT1nFxlK8,"스마트폰 사용,"
333,19. 스마트폰 과의존으로 인한 다양한 문제점,대학생,대학생,본인,2021,스마트폰 솔루션,https://www.youtube.com/embed/guvWMT8sWdQ,"과의존 문제점(신체적, 심리적, 사회적)"
334,20.대학생은 스마트폰 사용 능력자!,대학생,대학생,본인,2021,스마트폰 솔루션,https://www.youtube.com/embed/rI0GcbOQqVg,"스마트폰 과의존 자가진단, 디지털 건강하게 사용하기"
335,스마트폰? 관계와 반응의 문제는?,대학생,대학생,본인,2022,스마트폰 솔루션,,"스마트폰과 대인관계, 관계의 의미, 반응의 의미, 반응의 종류"
336,스마트폰 속에서의 대인관계와 발달,대학생,대학생,본인,2022,스마트폰 솔루션,,"스마트폰 시대의 친밀관계 발달, 친밀관계발달의 장애, 공존과 상호성의 단계"
337,스마트폰 밖에서의 대인관계 반응과 필요,대학생,대학생,본인,2022,스마트폰 솔루션,,"가상과 현실 구분, 대학생활에서의 대처법"
338,37. 우리집 스마트폰 하루 생활,일반성인,대학생,학부모,2021,예절 및 가족,https://www.youtube.com/embed/CQIBy1__6Xo,"가족의 일상을 통한 스마튼 사용 현황, 스마트폰 사용 문제점, 집안에서의 바른 사용 실천"
339,66. [슬기로운 부모생활 2021 온라인 릴레이 특강]조현섭 교수_1 스마트폰 과의존 정의 및 현황,일반성인,대학생,학부모,2021,전반적인 설명 및 개념 설명,https://www.youtube.com/embed/8EeZ_WrmE0E,"스마트폰 과의존 및 현황, 문제"
340,67. [슬기로운 부모생활 2021 온라인 릴레이 특강]조현섭 교수_2 스마트폰 과의존 선별방법,일반성인,대학생,학부모,2021,전반적인 설명 및 개념 설명,https://www.youtube.com/embed/OGu-3J6nZrA,"스마트폰 과의존 선별 방법, 스마트폰 사용 정도에 대한 설명"
341,68. [슬기로운 부모생활 2021 온라인 릴레이 특강]조현섭 교수_3 스마트폰 과의존자 단계별 증상,일반성인,대학생,학부모,2021,전반적인 설명 및 개념 설명,https://www.youtube.com/embed/NwTfVkCyAmY,스마트폰 과의존자 단계별 증상
342,69. [슬기로운 부모생활 2021 온라인 릴레이 특강]조현섭 교수_4 스마트폰 과의존 주요 원인,일반성인,대학생,학부모,2021,전반적인 설명 및 개념 설명,https://www.youtube.com/embed/hxyQiaCj4RA,"스마트폰 과의존 주요 원인, 생물 개인 심리, 개인 문제"
343,62. [슬기로운 부모생활 2021 온라인 릴레이 특강]이장주 소장_1 지혜로운 부모를 위한 사전점검,일반성인,대학생,학부모,2021,전반적인 설명 및 개념 설명,https://www.youtube.com/embed/N4V3GlRb-bE,"변화하는 시대에 필요한 부모의 지혜/ 스마트폰으로 인한 부모와 자녀의 갈등, 스마트폰이 없다면 갈등이 사라질까? 스마트폰을 적당히 사용하는 것이란? 스마트폰을 놓게하는 방법"
344,70. [슬기로운 부모생활 2021 온라인 릴레이 특강]조현섭 교수_5 스마트폰 과의존의 부작용,일반성인,대학생,학부모,2021,전반적인 설명 및 개념 설명,https://www.youtube.com/embed/Wi1tvOn6yvE,스마트폰 과의존의 부작용
345,"71. [슬기로운 부모생활 2021 온라인 릴레이 특강]조현섭 교수_6 슬기로운 디지털 생활, 스마트폰 바르게 사용하기",일반성인,대학생,학부모,2021,스마트폰 솔루션,https://www.youtube.com/embed/7RpXcdHDtE4,스마트폰 바르게 사용하기
346,72. [슬기로운 부모생활 2021 온라인 릴레이 특강]조현섭 교수_7 자녀의 스마트폰 과의존 해결방안 ‘부모’,일반성인,대학생,학부모,2021,스마트폰 솔루션,https://www.youtube.com/embed/o3xHcP8zAbg,"부모의 양육, 대처"
347,74. [슬기로운 부모생활 2021 온라인 릴레이 특강]조현섭 교수_9 스마트폰 과의존 예방 국가운영 센터 현황,일반성인,대학생,학부모,2021,스마트폰 솔루션,https://www.youtube.com/embed/mN4VkIyGggI,스마트폰 과의존 예방 국가운영 센터 현황
348,78.따뜻한 마음으로 단호하게 지도하는 ‘겉바속촉’ 스마트폰 교육법,일반성인,대학생,학부모,2020,스마트폰 솔루션,https://www.youtube.com/embed/NuYCGUMdFnM,스마트폰 과의존에 대해서 알려주기
349,63. [슬기로운 부모생활 2021 온라인 릴레이 특강]이장주 소장_2 게임이 스펙이 되는 세상,일반성인,대학생,학부모,2021,게임,https://www.youtube.com/embed/hLntZSb3r6g,"게임이 스펙이 되는 세상, 시대의 변화"
350,64. [슬기로운 부모생활 2021 온라인 릴레이 특강]이장주 소장_3 게임을 하는 아이들의 심리,일반성인,대학생,학부모,2021,게임,https://www.youtube.com/embed/cLVohfqUemI,게임을 하는 아이들의 심리
351,65. [슬기로운 부모생활 2021 온라인 릴레이 특강]이장주 소장_4 게임으로 내 아이와 소통하기,일반성인,대학생,학부모,2021,게임,https://www.youtube.com/embed/WQcPNCh3rrg,게임으로 내 아이와 소통하기
352,37. 우리집 스마트폰 하루 생활,군인,군인,본인,2021,예절 및 가족,https://www.youtube.com/embed/CQIBy1__6Xo,"가족의 일상을 통한 스마튼 사용 현황, 스마트폰 사용 문제점, 집안에서의 바른 사용 실천"
353,77. 건강한 스마트폰 사용을 위한 ‘낄끼빠빠’접근법,군인,군인,본인,2020,전반적인 설명 및 개념 설명,https://www.youtube.com/embed/nBw38_Ljhqw,"스마트폰과의존 심각성 현황, 스마트폰 과의존 진단 같이 하기, 스마트폰 사용하는 이유, 스마트폰 과의존 해소 방법, 도움 받는 법"
354,80. 스마트한 ON/OFF,군인,군인,본인,2019,전반적인 설명 및 개념 설명,https://www.youtube.com/embed/N6IANWJ-ujw,"스마트폰 이용 현황, 문제"
355,87.군장병 대상 스마트폰 과의존 예방교육 콘텐츠,군인,군인,본인,2018,전반적인 설명 및 개념 설명,https://www.youtube.com/embed/CI7IywAXuXM,전반적인 설명
356,37. 우리집 스마트폰 하루 생활,일반성인,군인학부모,학부모,2021,예절 및 가족,https://www.youtube.com/embed/CQIBy1__6Xo,"가족의 일상을 통한 스마튼 사용 현황, 스마트폰 사용 문제점, 집안에서의 바른 사용 실천"
357,66. [슬기로운 부모생활 2021 온라인 릴레이 특강]조현섭 교수_1 스마트폰 과의존 정의 및 현황,일반성인,군인학부모,학부모,2021,전반적인 설명 및 개념 설명,https://www.youtube.com/embed/8EeZ_WrmE0E,"스마트폰 과의존 및 현황, 문제"
358,67. [슬기로운 부모생활 2021 온라인 릴레이 특강]조현섭 교수_2 스마트폰 과의존 선별방법,일반성인,군인학부모,학부모,2021,전반적인 설명 및 개념 설명,https://www.youtube.com/embed/OGu-3J6nZrA,"스마트폰 과의존 선별 방법, 스마트폰 사용 정도에 대한 설명"
359,68. [슬기로운 부모생활 2021 온라인 릴레이 특강]조현섭 교수_3 스마트폰 과의존자 단계별 증상,일반성인,군인학부모,학부모,2021,전반적인 설명 및 개념 설명,https://www.youtube.com/embed/NwTfVkCyAmY,스마트폰 과의존자 단계별 증상
360,69. [슬기로운 부모생활 2021 온라인 릴레이 특강]조현섭 교수_4 스마트폰 과의존 주요 원인,일반성인,군인학부모,학부모,2021,전반적인 설명 및 개념 설명,https://www.youtube.com/embed/hxyQiaCj4RA,"스마트폰 과의존 주요 원인, 생물 개인 심리, 개인 문제"
361,62. [슬기로운 부모생활 2021 온라인 릴레이 특강]이장주 소장_1 지혜로운 부모를 위한 사전점검,일반성인,군인학부모,학부모,2021,전반적인 설명 및 개념 설명,https://www.youtube.com/embed/N4V3GlRb-bE,"변화하는 시대에 필요한 부모의 지혜/ 스마트폰으로 인한 부모와 자녀의 갈등, 스마트폰이 없다면 갈등이 사라질까? 스마트폰을 적당히 사용하는 것이란? 스마트폰을 놓게하는 방법"
362,70. [슬기로운 부모생활 2021 온라인 릴레이 특강]조현섭 교수_5 스마트폰 과의존의 부작용,일반성인,군인학부모,학부모,2021,전반적인 설명 및 개념 설명,https://www.youtube.com/embed/Wi1tvOn6yvE,스마트폰 과의존의 부작용
363,"71. [슬기로운 부모생활 2021 온라인 릴레이 특강]조현섭 교수_6 슬기로운 디지털 생활, 스마트폰 바르게 사용하기",일반성인,군인학부모,학부모,2021,스마트폰 솔루션,https://www.youtube.com/embed/7RpXcdHDtE4,스마트폰 바르게 사용하기
364,72. [슬기로운 부모생활 2021 온라인 릴레이 특강]조현섭 교수_7 자녀의 스마트폰 과의존 해결방안 ‘부모’,일반성인,군인학부모,학부모,2021,스마트폰 솔루션,https://www.youtube.com/embed/o3xHcP8zAbg,"부모의 양육, 대처"
365,74. [슬기로운 부모생활 2021 온라인 릴레이 특강]조현섭 교수_9 스마트폰 과의존 예방 국가운영 센터 현황,일반성인,군인학부모,학부모,2021,스마트폰 솔루션,https://www.youtube.com/embed/mN4VkIyGggI,스마트폰 과의존 예방 국가운영 센터 현황
366,78.따뜻한 마음으로 단호하게 지도하는 ‘겉바속촉’ 스마트폰 교육법,일반성인,군인학부모,학부모,2020,스마트폰 솔루션,https://www.youtube.com/embed/NuYCGUMdFnM,스마트폰 과의존에 대해서 알려주기
367,63. [슬기로운 부모생활 2021 온라인 릴레이 특강]이장주 소장_2 게임이 스펙이 되는 세상,일반성인,군인학부모,학부모,2021,게임,https://www.youtube.com/embed/hLntZSb3r6g,"게임이 스펙이 되는 세상, 시대의 변화"
368,64. [슬기로운 부모생활 2021 온라인 릴레이 특강]이장주 소장_3 게임을 하는 아이들의 심리,일반성인,군인학부모,학부모,2021,게임,https://www.youtube.com/embed/cLVohfqUemI,게임을 하는 아이들의 심리
369,65. [슬기로운 부모생활 2021 온라인 릴레이 특강]이장주 소장_4 게임으로 내 아이와 소통하기,일반성인,군인학부모,학부모,2021,게임,https://www.youtube.com/embed/WQcPNCh3rrg,게임으로 내 아이와 소통하기
370,37. 우리집 스마트폰 하루 생활,직장인,직장인,본인,2021,예절 및 가족,https://www.youtube.com/embed/CQIBy1__6Xo,"가족의 일상을 통한 스마튼 사용 현황, 스마트폰 사용 문제점, 집안에서의 바른 사용 실천"
371,스마트폰 과의존과 건강관리,직장인,직장인,본인,2021,건강관련,https://www.youtube.com/embed/Qohjf41bIDk,"노년층 실버스뭄비족, 스마트폰으로 운동하기, 스마트 에이징 정신건강"
372,77. 건강한 스마트폰 사용을 위한 ‘낄끼빠빠’접근법,직장인,직장인,본인,2020,전반적인 설명 및 개념 설명,https://www.youtube.com/embed/nBw38_Ljhqw,"스마트폰과의존 심각성 현황, 스마트폰 과의존 진단 같이 하기, 스마트폰 사용하는 이유, 스마트폰 과의존 해소 방법, 도움 받는 법"
373,22. 스마트폰 과의존과 그 위험성,직장인,직장인,본인,2021,전반적인 설명 및 개념 설명,https://www.youtube.com/embed/p8xG_CbLdp0,"스마트폰 과의존, 신체적, 심리적, 사회적 문제점"
374,80. 스마트한 ON/OFF,직장인,직장인,본인,2019,전반적인 설명 및 개념 설명,https://www.youtube.com/embed/N6IANWJ-ujw,"스마트폰 이용 현황, 문제"
375,"85. 스마트한 ON/OFF (직장인용, 2018)",직장인,직장인,본인,2018,전반적인 설명 및 개념 설명,https://www.youtube.com/embed/Jjj6rZZ8QKA,"스마트폰 전반적인 설명, 과의존 위험군, 음란물, 메신저"
376,"23. 스마트폰 사용과 내 삶의 균형, ‘2059스라밸‘!",직장인,직장인,본인,2021,스마트폰 솔루션,https://www.youtube.com/embed/z6LP5ZhIseo,"스마트폰 사용 습관, 사용조절, 스라벨 조절"
377,"스마트폰을 쓰니까, 업무 집중이 어렵다?",직장인,직장인,본인,2022,스마트폰 솔루션,,"업무 집중 저해요인 파악 및 대처법, 앱의 활용에 대한 실효성 및 개인 역량 조율"
378,동료보다 스마트폰이 소중하다?,직장인,직장인,본인,2022,스마트폰 솔루션,,스마트기기로 인한 직장 내 대인관계 문제
379,스마트폰 사용이 업무회피 또는 도피다?,직장인,직장인,본인,2022,스마트폰 솔루션,,업무 중 스마트폰 사용에 대한 이유
380,직장에서의 스마트폰 사용으로 건강에 문제가?,직장인,직장인,본인,2022,스마트폰 솔루션,,"직장 화장실에서의 스마트폰 사용, 스마트폰 과의존으로 인한 신체 문제"
381,업무 중에도 스마트폰에 종속되어 산다?,직장인,직장인,본인,2022,스마트폰 솔루션,,"종속의 개념 이해, 스마트폰에 종속되는 환경"
382,혼자일 때 할 수 있는 활동을 찾아라!,직장인,직장인,본인,2022,스마트폰 솔루션,,혼자만의 시간에 할 수 있는 보편적인 활동
383,인터넷의 방대한 정보를 통해 나만의 활동을 찾아라!,직장인,직장인,본인,2022,스마트폰 솔루션,,스마트폰을 활용하여 대안활동 찾기
384,몰입할 수 있는 것을 찾아라!,직장인,직장인,본인,2022,스마트폰 솔루션,,"몰입과 과의존의 차이점, 몰입할 수 있는 대안활동 만들기"
385,대안활동이 주는 희망을 획득하라!,직장인,직장인,본인,2022,스마트폰 솔루션,,"스마트폰의 소비적 사용, 대안활동의 경제적 이득 및 잠재적 가능성"
386,과의존 극복을 넘어 삶을 극복시켜라!,직장인,직장인,본인,2022,스마트폰 솔루션,,"심신 회복의 탄력성 이해, 대안활동이 주는 탄력적인 심신회복 이해"
387,63. [슬기로운 부모생활 2021 온라인 릴레이 특강]이장주 소장_2 게임이 스펙이 되는 세상,직장인,직장인,본인,2021,게임,https://www.youtube.com/embed/hLntZSb3r6g,"게임이 스펙이 되는 세상, 시대의 변화"
388,64. [슬기로운 부모생활 2021 온라인 릴레이 특강]이장주 소장_3 게임을 하는 아이들의 심리,직장인,직장인,본인,2021,게임,https://www.youtube.com/embed/cLVohfqUemI,게임을 하는 아이들의 심리
389,65. [슬기로운 부모생활 2021 온라인 릴레이 특강]이장주 소장_4 게임으로 내 아이와 소통하기,직장인,직장인,본인,2021,게임,https://www.youtube.com/embed/WQcPNCh3rrg,게임으로 내 아이와 소통하기
390,37. 우리집 스마트폰 하루 생활,일반성인,직장인,학부모,2021,예절 및 가족,https://www.youtube.com/embed/CQIBy1__6Xo,"가족의 일상을 통한 스마튼 사용 현황, 스마트폰 사용 문제점, 집안에서의 바른 사용 실천"
391,24.스마트폰 과의존과 건강관리,일반성인,직장인,학부모,2021,건강관련,https://www.youtube.com/embed/Qohjf41bIDk,"노년층 실버스뭄비족, 스마트폰으로 운동하기, 스마트 에이징 정신건강"
392,66. [슬기로운 부모생활 2021 온라인 릴레이 특강]조현섭 교수_1 스마트폰 과의존 정의 및 현황,일반성인,직장인,학부모,2021,전반적인 설명 및 개념 설명,https://www.youtube.com/embed/8EeZ_WrmE0E,"스마트폰 과의존 및 현황, 문제"
393,67. [슬기로운 부모생활 2021 온라인 릴레이 특강]조현섭 교수_2 스마트폰 과의존 선별방법,일반성인,직장인,학부모,2021,전반적인 설명 및 개념 설명,https://www.youtube.com/embed/OGu-3J6nZrA,"스마트폰 과의존 선별 방법, 스마트폰 사용 정도에 대한 설명"
394,68. [슬기로운 부모생활 2021 온라인 릴레이 특강]조현섭 교수_3 스마트폰 과의존자 단계별 증상,일반성인,직장인,학부모,2021,전반적인 설명 및 개념 설명,https://www.youtube.com/embed/NwTfVkCyAmY,스마트폰 과의존자 단계별 증상
395,70. [슬기로운 부모생활 2021 온라인 릴레이 특강]조현섭 교수_5 스마트폰 과의존의 부작용,일반성인,직장인,학부모,2021,전반적인 설명 및 개념 설명,https://www.youtube.com/embed/Wi1tvOn6yvE,스마트폰 과의존의 부작용
396,25. 스마트폰 과의존과 황혼육아,일반성인,직장인,학부모,2021,스마트폰 솔루션,https://www.youtube.com/embed/SDxAMf7Xdhc,"스마트폰 과의존과 아이 이해하기, 지도법, 게임 제제"
397,26. 스마트폰 과의존과 사회활동,일반성인,직장인,학부모,2021,스마트폰 솔루션,https://www.youtube.com/embed/dZe-Ovt4C08,"사회적 소통, 스마트폰 사용 조절, 스마트폰 생산적으로 활용하는 법"
398,"71. [슬기로운 부모생활 2021 온라인 릴레이 특강]조현섭 교수_6 슬기로운 디지털 생활, 스마트폰 바르게 사용하기",일반성인,직장인,학부모,2021,스마트폰 솔루션,https://www.youtube.com/embed/7RpXcdHDtE4,스마트폰 바르게 사용하기
399,72. [슬기로운 부모생활 2021 온라인 릴레이 특강]조현섭 교수_7 자녀의 스마트폰 과의존 해결방안 ‘부모’,일반성인,직장인,학부모,2021,스마트폰 솔루션,https://www.youtube.com/embed/o3xHcP8zAbg,"부모의 양육, 대처"
400,74. [슬기로운 부모생활 2021 온라인 릴레이 특강]조현섭 교수_9 스마트폰 과의존 예방 국가운영 센터 현황,일반성인,직장인,학부모,2021,스마트폰 솔루션,https://www.youtube.com/embed/mN4VkIyGggI,스마트폰 과의존 예방 국가운영 센터 현황
401,78.따뜻한 마음으로 단호하게 지도하는 ‘겉바속촉’ 스마트폰 교육법,일반성인,직장인,학부모,2020,스마트폰 솔루션,https://www.youtube.com/embed/NuYCGUMdFnM,스마트폰 과의존에 대해서 알려주기
402,37. 우리집 스마트폰 하루 생활,일반성인,일반 성인,본인,2021,예절 및 가족,https://www.youtube.com/embed/CQIBy1__6Xo,"가족의 일상을 통한 스마튼 사용 현황, 스마트폰 사용 문제점, 집안에서의 바른 사용 실천"
403,이동통신의 ‘변화’가 가져온 우리 삶의 ‘변혁’,일반성인,일반 성인,본인,2021,예절 및 가족,https://www.youtube.com/embed/gY0eWWan5Q8,"스마트폰 역사 스마트폰으로 인해 변화된 삶, 스마트폰 과다 문제점(스마트폰 보다 지정지 놓치기)"
404,24.스마트폰 과의존과 건강관리,일반성인,일반 성인,본인,2021,건강관련,https://www.youtube.com/embed/Qohjf41bIDk,"노년층 실버스뭄비족, 스마트폰으로 운동하기, 스마트 에이징 정신건강"
405,77. 건강한 스마트폰 사용을 위한 ‘낄끼빠빠’접근법,일반성인,일반 성인,본인,2020,전반적인 설명 및 개념 설명,https://www.youtube.com/embed/nBw38_Ljhqw,"스마트폰과의존 심각성 현황, 스마트폰 과의존 진단 같이 하기, 스마트폰 사용하는 이유, 스마트폰 과의존 해소 방법, 도움 받는 법"
406,22. 스마트폰 과의존과 그 위험성,일반성인,일반 성인,본인,2021,전반적인 설명 및 개념 설명,https://www.youtube.com/embed/p8xG_CbLdp0,"스마트폰 과의존, 신체적, 심리적, 사회적 문제점"
407,80. 스마트한 ON/OFF,일반성인,일반 성인,본인,2019,전반적인 설명 및 개념 설명,https://www.youtube.com/embed/N6IANWJ-ujw,"스마트폰 이용 현황, 문제"
408,"85. 스마트한 ON/OFF (직장인용, 2018)",일반성인,일반 성인,본인,2018,전반적인 설명 및 개념 설명,https://www.youtube.com/embed/Jjj6rZZ8QKA,"스마트폰 전반적인 설명, 과의존 위험군, 음란물, 메신저"
409,이동통신의 ‘변화’가 가져온 우리 삶의 ‘변혁’,일반성인,일반 성인,본인,2021,전반적인 설명 및 개념 설명,https://www.youtube.com/embed/gY0eWWan5Q8,"스마트폰 역사 스마트폰으로 인해 변화된 삶, 스마트폰 과다 문제점(스마트폰 보다 지정지 놓치기)"
410,"23. 스마트폰 사용과 내 삶의 균형, ‘2059스라밸‘!",일반성인,일반 성인,본인,2021,스마트폰 솔루션,https://www.youtube.com/embed/z6LP5ZhIseo,"스마트폰 사용 습관, 사용조절, 스라벨 조절"
411,이동통신의 ‘변화’가 가져온 우리 삶의 ‘변혁’,일반성인,일반 성인,본인,2021,스마트폰 솔루션,https://www.youtube.com/embed/gY0eWWan5Q8,"스마트폰 역사 스마트폰으로 인해 변화된 삶, 스마트폰 과다 문제점(스마트폰 보다 지정지 놓치기)"
412,63. [슬기로운 부모생활 2021 온라인 릴레이 특강]이장주 소장_2 게임이 스펙이 되는 세상,일반성인,일반 성인,본인,2021,게임,https://www.youtube.com/embed/hLntZSb3r6g,"게임이 스펙이 되는 세상, 시대의 변화"
413,64. [슬기로운 부모생활 2021 온라인 릴레이 특강]이장주 소장_3 게임을 하는 아이들의 심리,일반성인,일반 성인,본인,2021,게임,https://www.youtube.com/embed/cLVohfqUemI,게임을 하는 아이들의 심리
414,65. [슬기로운 부모생활 2021 온라인 릴레이 특강]이장주 소장_4 게임으로 내 아이와 소통하기,일반성인,일반 성인,본인,2021,게임,https://www.youtube.com/embed/WQcPNCh3rrg,게임으로 내 아이와 소통하기
415,37. 우리집 스마트폰 하루 생활,일반성인,일반 성인,학부모,2021,예절 및 가족,https://www.youtube.com/embed/CQIBy1__6Xo,"가족의 일상을 통한 스마튼 사용 현황, 스마트폰 사용 문제점, 집안에서의 바른 사용 실천"
416,24.스마트폰 과의존과 건강관리,일반성인,일반 성인,학부모,2021,건강관련,https://www.youtube.com/embed/Qohjf41bIDk,"노년층 실버스뭄비족, 스마트폰으로 운동하기, 스마트 에이징 정신건강"
417,66. [슬기로운 부모생활 2021 온라인 릴레이 특강]조현섭 교수_1 스마트폰 과의존 정의 및 현황,일반성인,일반 성인,학부모,2021,전반적인 설명 및 개념 설명,https://www.youtube.com/embed/8EeZ_WrmE0E,"스마트폰 과의존 및 현황, 문제"
418,67. [슬기로운 부모생활 2021 온라인 릴레이 특강]조현섭 교수_2 스마트폰 과의존 선별방법,일반성인,일반 성인,학부모,2021,전반적인 설명 및 개념 설명,https://www.youtube.com/embed/OGu-3J6nZrA,"스마트폰 과의존 선별 방법, 스마트폰 사용 정도에 대한 설명"
419,68. [슬기로운 부모생활 2021 온라인 릴레이 특강]조현섭 교수_3 스마트폰 과의존자 단계별 증상,일반성인,일반 성인,학부모,2021,전반적인 설명 및 개념 설명,https://www.youtube.com/embed/NwTfVkCyAmY,스마트폰 과의존자 단계별 증상
420,69. [슬기로운 부모생활 2021 온라인 릴레이 특강]조현섭 교수_4 스마트폰 과의존 주요 원인,일반성인,일반 성인,학부모,2021,전반적인 설명 및 개념 설명,https://www.youtube.com/embed/hxyQiaCj4RA,"스마트폰 과의존 주요 원인, 생물 개인 심리, 개인 문제"
421,70. [슬기로운 부모생활 2021 온라인 릴레이 특강]조현섭 교수_5 스마트폰 과의존의 부작용,일반성인,일반 성인,학부모,2021,전반적인 설명 및 개념 설명,https://www.youtube.com/embed/Wi1tvOn6yvE,스마트폰 과의존의 부작용
422,25.스마트폰 과의존과 황혼육아,일반성인,일반 성인,학부모,2021,스마트폰 솔루션,https://www.youtube.com/embed/SDxAMf7Xdhc,"스마트폰 과의존과 아이 이해하기, 지도법, 게임 제제"
423,26. 스마트폰 과의존과 사회활동,일반성인,일반 성인,학부모,2021,스마트폰 솔루션,https://www.youtube.com/embed/dZe-Ovt4C08,"사회적 소통, 스마트폰 사용 조절, 스마트폰 생산적으로 활용하는 법"
424,"71. [슬기로운 부모생활 2021 온라인 릴레이 특강]조현섭 교수_6 슬기로운 디지털 생활, 스마트폰 바르게 사용하기",일반성인,일반 성인,학부모,2021,스마트폰 솔루션,https://www.youtube.com/embed/7RpXcdHDtE4,스마트폰 바르게 사용하기
425,72. [슬기로운 부모생활 2021 온라인 릴레이 특강]조현섭 교수_7 자녀의 스마트폰 과의존 해결방안 ‘부모’,일반성인,일반 성인,학부모,2021,스마트폰 솔루션,https://www.youtube.com/embed/o3xHcP8zAbg,"부모의 양육, 대처"
426,74. [슬기로운 부모생활 2021 온라인 릴레이 특강]조현섭 교수_9 스마트폰 과의존 예방 국가운영 센터 현황,일반성인,일반 성인,학부모,2021,스마트폰 솔루션,https://www.youtube.com/embed/mN4VkIyGggI,스마트폰 과의존 예방 국가운영 센터 현황
427,78.따뜻한 마음으로 단호하게 지도하는 ‘겉바속촉’ 스마트폰 교육법,일반성인,일반 성인,학부모,2020,스마트폰 솔루션,https://www.youtube.com/embed/NuYCGUMdFnM,스마트폰 과의존에 대해서 알려주기
428,스마트쉼센터의 모든것,전국민,전국민,본인,2022,전반적인 설명 및 개념 설명,,스마트쉼센터 소개
429,스마트쉼센터의 모든것,전국민,전국민,본인,2022,스마트폰 솔루션,,스마트쉼센터 소개